,location,genotype,DM
0,CO,CDBN_054,84.0
1,CO,CDBN_351,85.0
2,CO,CDBN_171,80.0
3,CO,CDBN_345,84.0
4,CO,CDBN_332,82.0
5,CO,CDBN_339,81.0
6,CO,CDBN_067,89.0
7,CO,CDBN_062,85.0
8,CO,CDBN_068,88.0
9,CO,CDBN_172,85.0
10,CO,CDBN_063,89.0
11,CO,CDBN_095,74.0
12,CO,CDBN_342,87.0
13,CO,CDBN_069,83.0
14,CO,CDBN_161,84.0
15,CO,CDBN_059,83.0
16,CO,CDBN_071,80.0
17,CO,CDBN_310,89.0
18,CO,CDBN_060,80.0
19,CO,CDBN_061,87.0
20,CO,CDBN_349,87.0
21,CO,CDBN_052,89.0
22,CO,CDBN_064,93.0
23,CO,CDBN_236,89.0
24,CO,CDBN_218,81.0
25,CO,CDBN_262,90.0
26,CO,CDBN_083,89.0
27,CO,CDBN_143,91.0
28,CO,CDBN_253,93.0
29,CO,CDBN_237,93.0
30,CO,CDBN_058,95.0
31,CO,CDBN_217,101.0
32,CO,CDBN_167,104.0
33,CO,CDBN_261,94.0
34,CO,CDBN_243,100.0
35,CO,CDBN_295,95.0
36,CO,CDBN_066,95.0
37,CO,CDBN_269,97.0
38,CO,CDBN_055,100.0
39,CO,CDBN_195,100.0
40,CO,CDBN_305,90.0
41,CO,CDBN_174,100.0
42,CO,CDBN_214,95.0
43,CO,CDBN_141,95.0
44,CO,CDBN_142,95.0
45,CO,CDBN_184,95.0
46,CO,CDBN_254,95.0
47,CO,CDBN_255,105.0
48,CO,CDBN_270,95.0
49,CO,CDBN_197,105.0
50,CO,CDBN_210,103.0
51,CO,CDBN_215,105.0
52,CO,CDBN_228,103.0
53,CO,CDBN_091,92.5
54,CO,CDBN_244,90.0
55,CO,CDBN_163,90.0
56,CO,CDBN_096,90.0
57,CO,CDBN_035,92.5
58,CO,CDBN_272,92.5
59,CO,CDBN_211,92.5
60,CO,CDBN_178,92.5
61,CO,CDBN_216,90.0
62,CO,CDBN_139,82.0
63,CO,CDBN_353,90.0
64,CO,CDBN_320,105.0
65,CO,CDBN_252,89.0
66,CO,CDBN_056,100.0
67,CO,CDBN_304,87.0
68,CO,CDBN_198,93.0
69,CO,CDBN_204,98.0
70,CO,CDBN_212,90.0
71,CO,CDBN_213,88.0
72,CO,CDBN_225,87.0
73,CO,CDBN_092,100.3
74,CO,CDBN_181,92.8
75,CO,CDBN_183,98.3
76,CO,CDBN_019,99.3
77,CO,CDBN_020,92.5
78,CO,CDBN_302,98.3
79,CO,CDBN_078,99.0
80,CO,CDBN_165,95.3
81,CO,CDBN_158,97.3
82,CO,CDBN_094,102.5
83,CO,CDBN_082,101.5
84,CO,CDBN_223,100.0
85,CO,CDBN_010,102.0
86,CO,CDBN_011,100.0
87,CO,CDBN_012,98.0
88,CO,CDBN_015,100.0
89,CO,CDBN_016,96.0
90,CO,CDBN_277,103.0
91,CO,CDBN_116,98.0
92,CO,CDBN_298,99.0
93,CO,CDBN_299,101.0
94,CO,CDBN_249,98.0
95,CO,CDBN_250,97.0
96,CO,CDBN_251,98.0
97,CO,CDBN_017,99.0
98,CO,CDBN_021,104.0
99,CO,CDBN_089,97.0
100,CO,CDBN_026,100.0
101,CO,CDBN_263,98.0
102,CO,CDBN_125,99.0
103,CO,CDBN_126,107.0
104,CO,CDBN_127,102.0
105,CO,CDBN_027,101.0
106,CO,CDBN_028,97.0
107,CO,CDBN_164,99.0
108,CO,CDBN_044,99.0
109,CO,CDBN_046,101.0
110,CO,CDBN_285,100.0
111,CO,CDBN_079,104.0
112,CO,CDBN_219,99.0
113,CO,CDBN_311,101.0
114,CO,CDBN_053,98.0
115,CO,CDBN_065,101.0
116,CO,CDBN_314,97.0
117,CO,CDBN_317,98.0
118,CO,CDBN_013,93.0
119,CO,CDBN_014,91.0
120,CO,CDBN_051,100.0
121,CO,CDBN_293,94.0
122,CO,CDBN_242,96.0
123,CO,CDBN_239,95.0
124,CO,CDBN_159,100.0
125,CO,CDBN_247,93.0
126,CO,CDBN_278,100.0
127,CO,CDBN_024,92.0
128,CO,CDBN_268,95.0
129,CO,CDBN_036,95.0
130,CO,CDBN_037,96.0
131,CO,CDBN_048,94.0
132,CO,CDBN_271,98.0
133,CO,CDBN_193,97.0
134,CO,CDBN_128,90.0
135,CO,CDBN_303,96.0
136,CO,CDBN_199,90.0
137,CO,CDBN_232,101.0
138,CO,CDBN_203,99.0
139,CO,CDBN_098,99.0
140,CO,CDBN_307,94.0
141,CO,CDBN_138,97.0
142,CO,CDBN_318,93.0
143,CO,CDBN_300,84.0
144,CO,CDBN_039,92.0
145,CO,CDBN_284,92.0
146,CO,CDBN_238,93.0
147,CO,CDBN_324,89.0
148,CO,CDBN_290,88.0
149,CO,CDBN_087,92.0
150,CO,CDBN_273,94.0
151,CO,CDBN_274,87.0
152,CO,CDBN_186,87.0
153,CO,CDBN_006,82.0
154,CO,CDBN_187,84.0
155,CO,CDBN_008,82.0
156,CO,CDBN_007,97.0
157,CO,CDBN_147,87.0
158,CO,CDBN_155,92.0
159,CO,CDBN_296,88.0
160,CO,CDBN_023,92.0
161,CO,CDBN_170,88.0
162,CO,CDBN_288,93.0
163,CO,CDBN_124,96.0
164,CO,CDBN_146,96.0
165,CO,CDBN_097,94.0
166,CO,CDBN_041,88.0
167,CO,CDBN_073,91.0
168,CO,CDBN_075,86.0
169,CO,CDBN_175,90.0
170,CO,CDBN_306,86.0
171,CO,CDBN_312,86.0
172,CO,CDBN_316,90.0
173,CO,CDBN_001,96.0
174,CO,CDBN_005,91.0
175,CO,CDBN_294,91.0
176,CO,CDBN_050,94.0
177,CO,CDBN_297,92.0
178,CO,CDBN_182,89.0
179,CO,CDBN_287,94.0
180,CO,CDBN_279,91.0
181,CO,CDBN_301,96.0
182,CO,CDBN_322,93.0
183,CO,CDBN_289,100.0
184,CO,CDBN_045,91.0
185,CO,CDBN_047,92.0
186,CO,CDBN_072,93.0
187,CO,CDBN_134,95.0
188,CO,CDBN_291,95.0
189,CO,CDBN_136,101.0
190,CO,CDBN_246,106.0
191,CO,CDBN_286,101.0
192,CO,CDBN_323,96.0
193,CO,CDBN_188,104.0
194,CO,CDBN_180,106.0
195,CO,CDBN_090,104.0
196,CO,CDBN_153,94.0
197,CO,CDBN_309,105.0
198,CO,CDBN_313,94.0
199,CO,CDBN_315,94.0
200,CO,CDBN_319,92.0
201,CO,CDBN_025,92.0
202,CO,CDBN_280,102.0
203,CO,CDBN_308,109.0
204,CO,CDBN_049,98.0
205,CO,CDBN_100,98.0
206,CO,CDBN_120,92.0
207,CO,CDBN_276,90.0
208,CO,CDBN_281,93.0
209,CO,CDBN_157,94.0
210,CO,CDBN_133,91.0
211,CO,CDBN_112,93.0
212,CO,CDBN_220,93.0
213,CO,CDBN_099,91.0
214,CO,CDBN_101,94.0
215,CO,CDBN_102,105.0
216,CO,CDBN_110,97.0
217,CO,CDBN_111,96.0
218,CO,CDBN_282,101.0
219,CO,CDBN_283,101.0
220,CO,CDBN_057,105.0
221,CO,CDBN_221,98.0
222,CO,CDBN_229,98.0
223,CO,CDBN_145,103.0
224,CO,CDBN_103,97.0
225,CO,CDBN_104,96.0
226,CO,CDBN_106,101.0
227,CO,CDBN_107,99.0
228,CO,CDBN_177,93.0
229,CO,CDBN_108,92.0
230,CO,CDBN_109,97.0
231,CO,CDBN_156,98.0
232,CO,CDBN_194,101.0
233,CO,CDBN_130,99.0
234,CO,CDBN_113,102.0
235,CO,CDBN_132,97.0
236,CO,CDBN_162,98.0
237,CO,CDBN_292,99.0
238,CO,CDBN_105,94.0
239,CO,CDBN_169,102.0
240,CO,CDBN_231,97.0
241,CO,CDBN_137,101.0
242,CO,CDBN_150,93.0
243,CO,CDBN_258,95.0
244,CO,CDBN_264,97.0
245,CO,CDBN_266,100.0
246,CO,CDBN_152,106.0
247,CO,CDBN_230,95.0
248,CO,CDBN_209,104.0
249,CO,CDBN_135,102.0
250,CO,CDBN_222,100.0
251,CO,CDBN_148,103.0
252,CO,CDBN_227,99.0
253,CO,CDBN_149,100.0
254,CO,CDBN_117,102.0
255,CO,CDBN_118,100.0
256,CO,CDBN_260,100.0
257,CO,CDBN_202,98.0
258,CO,CDBN_176,78.0
259,CO,CDBN_122,78.1353846153846
260,CO,CDBN_191,78.2507692307692
261,CO,CDBN_114,80.0
262,CO,CDBN_131,79.0
263,CO,CDBN_233,79.0
264,CO,CDBN_151,82.0
265,MI,CDBN_171,103.0
266,MI,CDBN_339,109.0
267,MI,CDBN_172,110.0
268,MI,CDBN_063,94.0
269,MI,CDBN_161,109.0
270,MI,CDBN_071,103.0
271,MI,CDBN_060,106.0
272,MI,CDBN_061,109.0
273,MI,CDBN_054,91.0
274,MI,CDBN_351,98.0
275,MI,CDBN_345,96.0
276,MI,CDBN_332,97.0
277,MI,CDBN_067,103.0
278,MI,CDBN_062,108.0
279,MI,CDBN_068,105.0
280,MI,CDBN_095,88.0
281,MI,CDBN_342,93.0
282,MI,CDBN_069,92.0
283,MI,CDBN_059,100.0
284,MI,CDBN_310,97.0
285,MI,CDBN_349,96.0
286,MI,CDBN_160,97.0
287,MI,CDBN_185,97.0
288,MI,CDBN_173,90.0
289,MI,CDBN_070,92.0
290,MI,CDBN_236,95.0
291,MI,CDBN_235,89.0
292,MI,CDBN_218,92.0
293,MI,CDBN_343,92.0
294,MI,CDBN_052,106.0
295,MI,CDBN_064,106.0
296,MI,CDBN_262,102.0
297,MI,CDBN_083,100.0
298,MI,CDBN_143,98.0
299,MI,CDBN_167,103.0
300,MI,CDBN_253,101.0
301,MI,CDBN_237,101.0
302,MI,CDBN_058,98.0
303,MI,CDBN_217,100.0
304,MI,CDBN_261,104.0
305,MI,CDBN_066,102.0
306,MI,CDBN_243,97.0
307,MI,CDBN_295,103.0
308,MI,CDBN_269,108.0
309,MI,CDBN_055,104.0
310,MI,CDBN_195,103.0
311,MI,CDBN_305,95.0
312,MI,CDBN_174,101.0
313,MI,CDBN_214,99.0
314,MI,CDBN_141,96.0
315,MI,CDBN_142,104.0
316,MI,CDBN_255,86.0
317,MI,CDBN_270,85.0
318,MI,CDBN_197,93.0
319,MI,CDBN_210,89.0
320,MI,CDBN_085,98.0
321,MI,CDBN_228,89.0
322,MI,CDBN_184,97.0
323,MI,CDBN_254,96.0
324,MI,CDBN_215,100.0
325,MI,CDBN_168,103.0
326,MI,CDBN_163,94.0
327,MI,CDBN_189,90.0
328,MI,CDBN_096,93.0
329,MI,CDBN_056,96.0
330,MI,CDBN_272,89.0
331,MI,CDBN_198,93.0
332,MI,CDBN_200,90.0
333,MI,CDBN_206,90.0
334,MI,CDBN_211,94.0
335,MI,CDBN_216,91.0
336,MI,CDBN_091,96.5
337,MI,CDBN_244,94.0
338,MI,CDBN_035,96.0
339,MI,CDBN_178,99.1
340,MI,CDBN_139,90.0
341,MI,CDBN_353,95.0
342,MI,CDBN_320,92.9
343,MI,CDBN_252,91.3
344,MI,CDBN_304,84.5
345,MI,CDBN_204,93.2
346,MI,CDBN_212,91.8
347,MI,CDBN_213,87.8
348,MI,CDBN_225,82.6
349,MI,CDBN_092,100.0
350,MI,CDBN_020,93.5
351,MI,CDBN_078,101.5
352,MI,CDBN_165,98.5
353,MI,CDBN_158,107.0
354,MI,CDBN_094,110.0
355,MI,CDBN_181,93.4
356,MI,CDBN_183,97.8
357,MI,CDBN_019,91.5
358,MI,CDBN_302,90.9
359,MI,CDBN_082,95.0
360,MI,CDBN_223,100.0
361,MI,CDBN_087,98.0
362,MI,CDBN_245,93.0
363,MI,CDBN_324,89.0
364,MI,CDBN_224,91.0
365,MI,CDBN_170,95.0
366,MI,CDBN_275,89.0
367,MI,CDBN_121,98.0
368,MI,CDBN_026,99.0
369,MI,CDBN_196,80.0
370,MI,CDBN_208,92.0
371,MI,CDBN_234,100.0
372,MI,CDBN_316,98.0
373,MI,CDBN_084,87.0
374,MI,CDBN_123,105.4
375,MI,CDBN_126,99.7
376,MI,CDBN_127,104.6
377,MI,CDBN_079,109.2
378,MI,CDBN_011,90.4
379,MI,CDBN_016,89.6
380,MI,CDBN_089,92.5
381,MI,CDBN_263,92.0
382,MI,CDBN_028,96.5
383,MI,CDBN_129,99.5
384,MI,CDBN_051,112.0
385,MI,CDBN_159,105.0
386,MI,CDBN_278,105.0
387,MI,CDBN_010,89.0
388,MI,CDBN_013,87.0
389,MI,CDBN_014,85.0
390,MI,CDBN_293,91.0
391,MI,CDBN_277,98.0
392,MI,CDBN_242,88.0
393,MI,CDBN_116,96.0
394,MI,CDBN_239,95.0
395,MI,CDBN_299,87.0
396,MI,CDBN_247,80.0
397,MI,CDBN_249,81.0
398,MI,CDBN_024,84.0
399,MI,CDBN_268,96.0
400,MI,CDBN_036,99.0
401,MI,CDBN_037,96.0
402,MI,CDBN_048,92.0
403,MI,CDBN_271,98.0
404,MI,CDBN_193,91.0
405,MI,CDBN_128,84.0
406,MI,CDBN_303,96.0
407,MI,CDBN_199,86.0
408,MI,CDBN_232,99.0
409,MI,CDBN_203,94.0
410,MI,CDBN_098,98.0
411,MI,CDBN_307,93.0
412,MI,CDBN_138,96.0
413,MI,CDBN_318,91.0
414,MI,CDBN_284,95.0
415,MI,CDBN_285,99.0
416,MI,CDBN_300,93.0
417,MI,CDBN_039,96.0
418,MI,CDBN_238,98.0
419,MI,CDBN_290,94.0
420,MI,CDBN_053,88.0
421,MI,CDBN_065,92.0
422,MI,CDBN_317,85.0
423,MI,CDBN_273,95.0
424,MI,CDBN_274,94.0
425,MI,CDBN_002,92.0
426,MI,CDBN_166,96.0
427,MI,CDBN_115,96.0
428,MI,CDBN_259,100.0
429,MI,CDBN_226,98.0
430,MI,CDBN_009,91.0
431,MI,CDBN_154,100.0
432,MI,CDBN_241,93.0
433,MI,CDBN_298,91.0
434,MI,CDBN_267,92.0
435,MI,CDBN_038,96.0
436,MI,CDBN_040,92.0
437,MI,CDBN_043,97.0
438,MI,CDBN_093,113.0
439,MI,CDBN_179,91.0
440,MI,CDBN_201,93.0
441,MI,CDBN_086,89.0
442,MI,CDBN_088,116.0
443,MI,CDBN_155,90.0
444,MI,CDBN_296,87.0
445,MI,CDBN_321,93.0
446,MI,CDBN_248,88.0
447,MI,CDBN_301,100.0
448,MI,CDBN_257,84.0
449,MI,CDBN_146,95.0
450,MI,CDBN_265,84.0
451,MI,CDBN_042,94.0
452,MI,CDBN_306,90.0
453,MI,CDBN_312,90.0
454,MI,CDBN_314,84.0
455,MI,CDBN_144,91.0
456,MI,CDBN_031,102.0
457,MI,CDBN_041,104.0
458,MI,CDBN_288,99.0
459,MI,CDBN_097,100.0
460,MI,CDBN_030,98.0
461,MI,CDBN_032,99.0
462,MI,CDBN_033,101.0
463,MI,CDBN_034,101.0
464,MI,CDBN_192,98.0
465,MI,CDBN_076,95.0
466,MI,CDBN_077,104.0
467,MI,CDBN_207,95.0
468,MI,CDBN_007,102.0
469,MI,CDBN_186,89.0
470,MI,CDBN_006,87.0
471,MI,CDBN_187,87.0
472,MI,CDBN_008,93.0
473,MI,CDBN_147,91.0
474,MI,CDBN_023,99.0
475,MI,CDBN_124,99.0
476,MI,CDBN_073,99.0
477,MI,CDBN_075,93.0
478,MI,CDBN_175,89.0
479,MI,CDBN_279,94.0
480,MI,CDBN_022,94.0
481,MI,CDBN_003,84.0
482,MI,CDBN_005,97.0
483,MI,CDBN_004,86.0
484,MI,CDBN_322,88.0
485,MI,CDBN_047,89.0
486,MI,CDBN_311,86.0
487,MI,CDBN_291,120.0
488,MI,CDBN_001,106.0
489,MI,CDBN_294,97.0
490,MI,CDBN_050,100.0
491,MI,CDBN_297,97.0
492,MI,CDBN_182,97.0
493,MI,CDBN_287,98.0
494,MI,CDBN_289,107.0
495,MI,CDBN_045,97.0
496,MI,CDBN_072,97.0
497,MI,CDBN_134,101.0
498,MI,CDBN_286,102.0
499,MI,CDBN_090,98.0
500,MI,CDBN_246,91.0
501,MI,CDBN_074,87.0
502,MI,CDBN_080,87.0
503,MI,CDBN_081,88.0
504,MI,CDBN_315,84.0
505,MI,CDBN_136,92.0
506,MI,CDBN_323,94.0
507,MI,CDBN_180,98.0
508,MI,CDBN_240,90.0
509,MI,CDBN_308,100.0
510,MI,CDBN_309,96.0
511,MI,CDBN_313,93.0
512,MI,CDBN_319,91.0
513,MI,CDBN_025,88.0
514,MI,CDBN_049,91.0
515,MI,CDBN_102,113.0
516,MI,CDBN_111,99.0
517,MI,CDBN_099,89.0
518,MI,CDBN_229,92.0
519,MI,CDBN_145,103.0
520,MI,CDBN_103,85.0
521,MI,CDBN_104,86.0
522,MI,CDBN_106,107.0
523,MI,CDBN_107,88.0
524,MI,CDBN_177,83.0
525,MI,CDBN_108,84.0
526,MI,CDBN_109,89.0
527,MI,CDBN_110,85.0
528,MI,CDBN_194,107.0
529,MI,CDBN_130,88.0
530,MI,CDBN_113,104.0
531,MI,CDBN_132,86.0
532,MI,CDBN_221,89.0
533,MI,CDBN_105,78.0
534,MI,CDBN_231,85.0
535,MI,CDBN_276,85.0
536,MI,CDBN_137,83.0
537,MI,CDBN_150,82.0
538,MI,CDBN_169,87.0
539,MI,CDBN_258,90.0
540,MI,CDBN_264,94.0
541,MI,CDBN_266,100.0
542,MI,CDBN_230,85.0
543,MI,CDBN_135,97.0
544,MI,CDBN_222,88.0
545,MI,CDBN_148,100.0
546,MI,CDBN_227,92.0
547,MI,CDBN_149,90.0
548,MI,CDBN_122,99.0
549,MI,CDBN_152,98.0
550,MI,CDBN_176,93.0
551,MI,CDBN_117,88.0
552,MI,CDBN_118,90.0
553,MI,CDBN_260,91.0
554,MI,CDBN_191,88.0
555,MI,CDBN_114,93.0
556,MI,CDBN_131,87.0
557,MI,CDBN_209,94.0
558,MI,CDBN_233,90.0
559,MI,CDBN_151,96.0
560,MN,CDBN_171,90.0
561,MN,CDBN_339,102.0
562,MN,CDBN_172,96.0
563,MN,CDBN_063,104.0
564,MN,CDBN_161,104.0
565,MN,CDBN_071,88.0
566,MN,CDBN_060,94.0
567,MN,CDBN_061,101.0
568,MN,CDBN_168,122.0
569,MN,CDBN_163,120.0
570,MN,CDBN_189,116.0
571,MN,CDBN_091,90.0
572,MN,CDBN_092,102.0
573,MN,CDBN_020,97.0
574,MN,CDBN_078,100.0
575,MN,CDBN_165,99.0
576,MN,CDBN_158,105.0
577,MN,CDBN_294,109.0
578,MN,CDBN_105,86.0
579,MN,CDBN_177,107.0
580,MN,CDBN_323,93.0
581,MN,CDBN_231,114.0
582,MN,CDBN_276,94.0
583,MN,CDBN_095,110.0
584,MN,CDBN_311,111.0
585,MN,CDBN_221,109.0
586,MN,CDBN_150,113.0
587,MN,CDBN_108,75.0
588,MN,CDBN_137,83.0
589,MN,CDBN_145,99.0
590,MN,CDBN_146,97.0
591,MN,CDBN_169,97.0
592,MN,CDBN_109,86.0
593,MN,CDBN_111,98.0
594,MN,CDBN_194,99.0
595,MN,CDBN_113,103.0
596,MN,CDBN_132,94.0
597,MN,CDBN_266,107.0
598,MN,CDBN_152,84.0
599,MN,CDBN_238,95.0
600,MN,CDBN_090,85.0
601,MN,CDBN_222,93.0
602,MN,CDBN_274,109.0
603,MN,CDBN_258,116.0
604,MN,CDBN_264,131.0
605,MN,CDBN_227,112.0
606,MN,CDBN_149,120.0
607,MN,CDBN_230,96.0
608,MN,CDBN_135,101.0
609,MN,CDBN_209,97.0
610,MN,CDBN_117,94.0
611,MN,CDBN_118,94.0
612,MN,CDBN_106,115.0
613,MN,CDBN_107,90.0
614,MN,CDBN_122,102.0
615,MN,CDBN_260,104.0
616,MN,CDBN_131,95.0
617,MN,CDBN_151,111.0
618,MN,CDBN_202,111.0
619,MN,CDBN_191,91.0
620,ND,CDBN_054,101.0
621,ND,CDBN_351,98.0
622,ND,CDBN_345,104.0
623,ND,CDBN_332,96.0
624,ND,CDBN_067,103.0
625,ND,CDBN_062,100.0
626,ND,CDBN_068,104.0
627,ND,CDBN_095,92.0
628,ND,CDBN_342,100.0
629,ND,CDBN_069,85.0
630,ND,CDBN_059,104.0
631,ND,CDBN_310,103.0
632,ND,CDBN_349,100.0
633,ND,CDBN_185,102.0
634,ND,CDBN_173,101.0
635,ND,CDBN_070,103.0
636,ND,CDBN_236,106.0
637,ND,CDBN_235,100.0
638,ND,CDBN_218,107.0
639,ND,CDBN_343,103.0
640,ND,CDBN_171,100.0
641,ND,CDBN_052,107.0
642,ND,CDBN_172,109.0
643,ND,CDBN_063,114.0
644,ND,CDBN_064,95.0
645,ND,CDBN_262,94.0
646,ND,CDBN_083,91.0
647,ND,CDBN_143,94.0
648,ND,CDBN_253,107.0
649,ND,CDBN_237,111.0
650,ND,CDBN_058,106.0
651,ND,CDBN_217,110.0
652,ND,CDBN_167,100.0
653,ND,CDBN_261,107.0
654,ND,CDBN_243,98.0
655,ND,CDBN_066,102.0
656,ND,CDBN_269,103.0
657,ND,CDBN_055,99.0
658,ND,CDBN_195,98.0
659,ND,CDBN_305,95.0
660,ND,CDBN_174,98.0
661,ND,CDBN_214,100.0
662,ND,CDBN_141,98.0
663,ND,CDBN_142,102.0
664,ND,CDBN_295,107.0
665,ND,CDBN_184,104.0
666,ND,CDBN_254,106.0
667,ND,CDBN_255,107.0
668,ND,CDBN_270,100.0
669,ND,CDBN_197,106.0
670,ND,CDBN_210,106.0
671,ND,CDBN_215,108.0
672,ND,CDBN_228,108.0
673,ND,CDBN_096,111.0
674,ND,CDBN_056,114.0
675,ND,CDBN_272,107.0
676,ND,CDBN_198,115.0
677,ND,CDBN_200,109.0
678,ND,CDBN_206,103.0
679,ND,CDBN_211,117.0
680,ND,CDBN_216,108.0
681,ND,CDBN_244,119.0
682,ND,CDBN_035,112.0
683,ND,CDBN_178,119.0
684,ND,CDBN_139,112.0
685,ND,CDBN_353,106.0
686,ND,CDBN_320,90.0
687,ND,CDBN_252,95.0
688,ND,CDBN_304,86.0
689,ND,CDBN_204,95.0
690,ND,CDBN_212,87.0
691,ND,CDBN_213,90.0
692,ND,CDBN_225,85.0
693,ND,CDBN_181,101.0
694,ND,CDBN_183,104.0
695,ND,CDBN_019,113.0
696,ND,CDBN_302,101.0
697,ND,CDBN_082,100.0
698,ND,CDBN_223,104.0
699,ND,CDBN_275,95.0
700,ND,CDBN_170,102.0
701,ND,CDBN_121,101.0
702,ND,CDBN_026,102.0
703,ND,CDBN_196,93.0
704,ND,CDBN_208,74.0
705,ND,CDBN_234,99.0
706,ND,CDBN_316,98.0
707,ND,CDBN_084,95.0
708,ND,CDBN_224,98.0
709,ND,CDBN_010,99.3
710,ND,CDBN_011,99.5
711,ND,CDBN_012,96.0
712,ND,CDBN_015,99.3
713,ND,CDBN_016,99.0
714,ND,CDBN_277,99.3
715,ND,CDBN_116,100.3
716,ND,CDBN_298,96.8
717,ND,CDBN_299,93.3
718,ND,CDBN_249,91.0
719,ND,CDBN_250,82.0
720,ND,CDBN_251,96.3
721,ND,CDBN_017,99.8
722,ND,CDBN_089,94.0
723,ND,CDBN_263,98.0
724,ND,CDBN_127,101.3
725,ND,CDBN_027,100.3
726,ND,CDBN_028,93.8
727,ND,CDBN_164,100.8
728,ND,CDBN_044,99.5
729,ND,CDBN_046,93.8
730,ND,CDBN_285,102.5
731,ND,CDBN_079,101.0
732,ND,CDBN_219,97.5
733,ND,CDBN_311,98.3
734,ND,CDBN_053,94.8
735,ND,CDBN_065,97.0
736,ND,CDBN_314,98.3
737,ND,CDBN_317,93.0
738,ND,CDBN_013,103.0
739,ND,CDBN_014,100.0
740,ND,CDBN_293,103.0
741,ND,CDBN_242,101.0
742,ND,CDBN_239,99.0
743,ND,CDBN_247,96.0
744,ND,CDBN_024,102.0
745,ND,CDBN_268,101.0
746,ND,CDBN_036,105.0
747,ND,CDBN_037,104.0
748,ND,CDBN_048,107.0
749,ND,CDBN_271,102.0
750,ND,CDBN_193,100.0
751,ND,CDBN_128,92.0
752,ND,CDBN_303,104.0
753,ND,CDBN_199,100.0
754,ND,CDBN_232,103.0
755,ND,CDBN_203,102.0
756,ND,CDBN_098,103.0
757,ND,CDBN_307,105.0
758,ND,CDBN_138,103.0
759,ND,CDBN_318,101.0
760,ND,CDBN_051,114.0
761,ND,CDBN_159,114.0
762,ND,CDBN_300,105.0
763,ND,CDBN_278,112.0
764,ND,CDBN_039,109.0
765,ND,CDBN_284,112.0
766,ND,CDBN_238,114.0
767,ND,CDBN_324,116.0
768,ND,CDBN_165,114.0
769,ND,CDBN_290,116.0
770,ND,CDBN_087,114.0
771,ND,CDBN_273,112.0
772,ND,CDBN_274,116.0
773,ND,CDBN_002,106.0
774,ND,CDBN_115,86.0
775,ND,CDBN_168,111.0
776,ND,CDBN_123,109.0
777,ND,CDBN_259,100.0
778,ND,CDBN_166,110.0
779,ND,CDBN_226,111.0
780,ND,CDBN_009,96.0
781,ND,CDBN_154,102.0
782,ND,CDBN_241,97.0
783,ND,CDBN_267,100.0
784,ND,CDBN_038,100.0
785,ND,CDBN_040,98.0
786,ND,CDBN_043,102.0
787,ND,CDBN_179,96.0
788,ND,CDBN_201,93.0
789,ND,CDBN_086,92.0
790,ND,CDBN_088,108.0
791,ND,CDBN_155,101.0
792,ND,CDBN_296,99.0
793,ND,CDBN_321,108.0
794,ND,CDBN_248,104.0
795,ND,CDBN_301,106.0
796,ND,CDBN_257,105.0
797,ND,CDBN_146,109.0
798,ND,CDBN_265,96.0
799,ND,CDBN_042,104.0
800,ND,CDBN_093,108.0
801,ND,CDBN_306,99.0
802,ND,CDBN_312,100.0
803,ND,CDBN_144,100.0
804,ND,CDBN_288,98.0
805,ND,CDBN_097,100.0
806,ND,CDBN_030,98.0
807,ND,CDBN_031,102.0
808,ND,CDBN_032,96.0
809,ND,CDBN_033,95.0
810,ND,CDBN_034,101.0
811,ND,CDBN_192,98.0
812,ND,CDBN_041,96.0
813,ND,CDBN_076,94.0
814,ND,CDBN_077,102.0
815,ND,CDBN_207,96.0
816,ND,CDBN_186,93.0
817,ND,CDBN_006,93.0
818,ND,CDBN_187,93.0
819,ND,CDBN_008,103.0
820,ND,CDBN_007,104.0
821,ND,CDBN_147,101.0
822,ND,CDBN_023,106.0
823,ND,CDBN_124,108.0
824,ND,CDBN_073,103.0
825,ND,CDBN_075,100.0
826,ND,CDBN_175,95.0
827,ND,CDBN_001,117.0
828,ND,CDBN_005,117.0
829,ND,CDBN_294,107.0
830,ND,CDBN_050,115.0
831,ND,CDBN_297,104.0
832,ND,CDBN_182,116.0
833,ND,CDBN_287,116.0
834,ND,CDBN_279,101.0
835,ND,CDBN_289,116.0
836,ND,CDBN_045,113.0
837,ND,CDBN_047,111.0
838,ND,CDBN_072,110.0
839,ND,CDBN_134,115.0
840,ND,CDBN_291,117.0
841,ND,CDBN_322,102.0
842,ND,CDBN_003,88.0
843,ND,CDBN_286,90.0
844,ND,CDBN_074,88.0
845,ND,CDBN_080,89.0
846,ND,CDBN_090,90.0
847,ND,CDBN_081,89.0
848,ND,CDBN_309,89.0
849,ND,CDBN_313,84.0
850,ND,CDBN_315,84.0
851,ND,CDBN_136,92.0
852,ND,CDBN_246,89.0
853,ND,CDBN_323,88.0
854,ND,CDBN_188,86.0
855,ND,CDBN_180,95.0
856,ND,CDBN_240,89.0
857,ND,CDBN_153,83.0
858,ND,CDBN_308,94.0
859,ND,CDBN_319,86.0
860,ND,CDBN_099,105.0
861,ND,CDBN_101,107.0
862,ND,CDBN_110,107.0
863,ND,CDBN_111,106.0
864,ND,CDBN_282,108.0
865,ND,CDBN_283,116.0
866,ND,CDBN_057,115.0
867,ND,CDBN_112,99.0
868,ND,CDBN_221,111.0
869,ND,CDBN_049,103.0
870,ND,CDBN_229,109.0
871,ND,CDBN_145,116.0
872,ND,CDBN_103,112.0
873,ND,CDBN_104,104.0
874,ND,CDBN_106,116.0
875,ND,CDBN_107,108.0
876,ND,CDBN_177,101.0
877,ND,CDBN_108,107.0
878,ND,CDBN_109,104.0
879,ND,CDBN_280,111.0
880,ND,CDBN_156,111.0
881,ND,CDBN_194,121.0
882,ND,CDBN_130,118.0
883,ND,CDBN_113,123.0
884,ND,CDBN_132,108.0
885,ND,CDBN_162,112.0
886,ND,CDBN_169,96.0
887,ND,CDBN_231,109.0
888,ND,CDBN_150,109.0
889,ND,CDBN_209,104.0
890,ND,CDBN_149,111.0
891,ND,CDBN_117,82.0
892,ND,CDBN_118,90.0
893,ND,CDBN_258,80.0
894,ND,CDBN_260,80.0
895,ND,CDBN_264,90.0
896,ND,CDBN_202,77.0
897,ND,CDBN_131,92.0
898,ND,CDBN_137,83.0
899,ND,CDBN_227,92.0
900,ND,CDBN_151,92.0
901,ND,CDBN_122,89.0
902,ND,CDBN_191,88.0
903,ND,CDBN_266,104.0
904,NE,CDBN_054,84.0
905,NE,CDBN_351,91.0
906,NE,CDBN_171,81.0
907,NE,CDBN_345,92.0
908,NE,CDBN_332,89.0
909,NE,CDBN_339,85.0
910,NE,CDBN_067,98.0
911,NE,CDBN_062,95.0
912,NE,CDBN_068,93.0
913,NE,CDBN_172,86.0
914,NE,CDBN_063,91.0
915,NE,CDBN_095,80.0
916,NE,CDBN_342,87.0
917,NE,CDBN_069,82.0
918,NE,CDBN_161,92.0
919,NE,CDBN_059,87.0
920,NE,CDBN_071,79.0
921,NE,CDBN_310,87.0
922,NE,CDBN_060,88.0
923,NE,CDBN_061,87.0
924,NE,CDBN_349,90.0
925,NE,CDBN_185,96.0
926,NE,CDBN_173,89.0
927,NE,CDBN_160,91.0
928,NE,CDBN_070,91.0
929,NE,CDBN_236,96.0
930,NE,CDBN_235,88.0
931,NE,CDBN_218,95.0
932,NE,CDBN_343,91.0
933,NE,CDBN_052,101.0
934,NE,CDBN_064,98.0
935,NE,CDBN_262,90.0
936,NE,CDBN_083,88.0
937,NE,CDBN_143,90.0
938,NE,CDBN_253,96.0
939,NE,CDBN_237,94.0
940,NE,CDBN_058,93.0
941,NE,CDBN_217,96.0
942,NE,CDBN_167,98.0
943,NE,CDBN_261,94.0
944,NE,CDBN_243,92.0
945,NE,CDBN_295,106.0
946,NE,CDBN_066,104.0
947,NE,CDBN_269,107.0
948,NE,CDBN_055,95.0
949,NE,CDBN_195,97.0
950,NE,CDBN_305,90.0
951,NE,CDBN_174,98.0
952,NE,CDBN_214,101.0
953,NE,CDBN_141,89.0
954,NE,CDBN_142,91.0
955,NE,CDBN_255,88.0
956,NE,CDBN_270,84.0
957,NE,CDBN_197,90.0
958,NE,CDBN_210,89.0
959,NE,CDBN_085,93.0
960,NE,CDBN_228,93.0
961,NE,CDBN_184,86.0
962,NE,CDBN_254,88.0
963,NE,CDBN_215,97.0
964,NE,CDBN_168,105.0
965,NE,CDBN_163,99.0
966,NE,CDBN_096,103.0
967,NE,CDBN_056,104.0
968,NE,CDBN_272,100.0
969,NE,CDBN_198,98.0
970,NE,CDBN_200,97.0
971,NE,CDBN_189,97.0
972,NE,CDBN_206,96.0
973,NE,CDBN_211,102.0
974,NE,CDBN_216,95.0
975,NE,CDBN_091,94.3333333333333
976,NE,CDBN_244,93.3333333333333
977,NE,CDBN_035,93.0
978,NE,CDBN_178,93.3333333333333
979,NE,CDBN_139,94.0
980,NE,CDBN_353,93.0
981,NE,CDBN_092,104.0
982,NE,CDBN_320,106.0
983,NE,CDBN_181,101.0
984,NE,CDBN_183,104.0
985,NE,CDBN_019,106.0
986,NE,CDBN_020,102.0
987,NE,CDBN_252,104.0
988,NE,CDBN_302,99.0
989,NE,CDBN_078,104.0
990,NE,CDBN_165,103.0
991,NE,CDBN_212,106.0
992,NE,CDBN_213,98.0
993,NE,CDBN_158,106.0
994,NE,CDBN_094,109.0
995,NE,CDBN_082,98.0
996,NE,CDBN_223,104.0
997,NE,CDBN_225,100.0
998,NE,CDBN_245,119.0
999,NE,CDBN_304,109.0
1000,NE,CDBN_324,119.0
1001,NE,CDBN_204,116.0
1002,NE,CDBN_224,107.0
1003,NE,CDBN_087,116.0
1004,NE,CDBN_010,101.0
1005,NE,CDBN_011,100.666666666667
1006,NE,CDBN_012,100.333333333333
1007,NE,CDBN_015,100.666666666667
1008,NE,CDBN_016,99.6666666666667
1009,NE,CDBN_277,104.0
1010,NE,CDBN_116,103.0
1011,NE,CDBN_298,92.3333333333333
1012,NE,CDBN_299,92.0
1013,NE,CDBN_249,87.6666666666667
1014,NE,CDBN_250,88.3333333333333
1015,NE,CDBN_251,86.3333333333333
1016,NE,CDBN_017,103.666666666667
1017,NE,CDBN_021,106.0
1018,NE,CDBN_089,97.3333333333333
1019,NE,CDBN_026,106.666666666667
1020,NE,CDBN_263,94.3333333333333
1021,NE,CDBN_125,107.333333333333
1022,NE,CDBN_126,101.666666666667
1023,NE,CDBN_127,101.666666666667
1024,NE,CDBN_027,102.0
1025,NE,CDBN_028,95.3333333333333
1026,NE,CDBN_164,104.0
1027,NE,CDBN_044,105.666666666667
1028,NE,CDBN_046,95.6666666666667
1029,NE,CDBN_285,106.333333333333
1030,NE,CDBN_079,109.0
1031,NE,CDBN_219,94.0
1032,NE,CDBN_311,91.3333333333333
1033,NE,CDBN_053,93.6666666666667
1034,NE,CDBN_065,94.6666666666667
1035,NE,CDBN_314,83.3333333333333
1036,NE,CDBN_317,87.0
1037,NE,CDBN_051,109.0
1038,NE,CDBN_293,90.0
1039,NE,CDBN_242,95.0
1040,NE,CDBN_239,99.0
1041,NE,CDBN_159,108.0
1042,NE,CDBN_300,91.0
1043,NE,CDBN_278,106.0
1044,NE,CDBN_024,90.0
1045,NE,CDBN_268,94.0
1046,NE,CDBN_037,104.0
1047,NE,CDBN_039,86.0
1048,NE,CDBN_048,99.0
1049,NE,CDBN_193,90.0
1050,NE,CDBN_128,90.0
1051,NE,CDBN_284,90.0
1052,NE,CDBN_303,116.0
1053,NE,CDBN_238,106.0
1054,NE,CDBN_307,93.0
1055,NE,CDBN_290,115.0
1056,NE,CDBN_138,100.0
1057,NE,CDBN_273,102.0
1058,NE,CDBN_274,115.0
1059,NE,CDBN_318,94.0
1060,NE,CDBN_002,79.0
1061,NE,CDBN_009,87.0
1062,NE,CDBN_154,80.0
1063,NE,CDBN_241,88.0
1064,NE,CDBN_275,84.0
1065,NE,CDBN_123,95.0
1066,NE,CDBN_259,91.0
1067,NE,CDBN_267,91.0
1068,NE,CDBN_038,92.0
1069,NE,CDBN_040,84.0
1070,NE,CDBN_043,93.0
1071,NE,CDBN_093,90.0
1072,NE,CDBN_179,87.0
1073,NE,CDBN_201,90.0
1074,NE,CDBN_098,95.0
1075,NE,CDBN_166,93.0
1076,NE,CDBN_086,76.0
1077,NE,CDBN_226,95.0
1078,NE,CDBN_088,91.0
1079,NE,CDBN_155,91.0
1080,NE,CDBN_296,88.0
1081,NE,CDBN_321,97.0
1082,NE,CDBN_248,101.0
1083,NE,CDBN_301,100.0
1084,NE,CDBN_257,89.0
1085,NE,CDBN_146,102.0
1086,NE,CDBN_042,97.0
1087,NE,CDBN_306,90.0
1088,NE,CDBN_312,94.0
1089,NE,CDBN_316,90.0
1090,NE,CDBN_144,99.0
1091,NE,CDBN_170,94.0
1092,NE,CDBN_288,94.0
1093,NE,CDBN_097,95.0
1094,NE,CDBN_265,93.0
1095,NE,CDBN_030,96.0
1096,NE,CDBN_031,96.0
1097,NE,CDBN_032,94.0
1098,NE,CDBN_033,95.0
1099,NE,CDBN_034,95.0
1100,NE,CDBN_192,94.0
1101,NE,CDBN_041,99.0
1102,NE,CDBN_076,92.0
1103,NE,CDBN_077,93.0
1104,NE,CDBN_196,92.0
1105,NE,CDBN_207,97.0
1106,NE,CDBN_186,87.0
1107,NE,CDBN_006,85.0
1108,NE,CDBN_187,91.0
1109,NE,CDBN_008,96.0
1110,NE,CDBN_147,91.0
1111,NE,CDBN_023,95.0
1112,NE,CDBN_124,101.0
1113,NE,CDBN_073,99.0
1114,NE,CDBN_075,93.0
1115,NE,CDBN_175,87.0
1116,NE,CDBN_007,95.0
1117,NE,CDBN_001,108.0
1118,NE,CDBN_005,105.0
1119,NE,CDBN_294,96.0
1120,NE,CDBN_050,108.0
1121,NE,CDBN_297,90.0
1122,NE,CDBN_182,103.0
1123,NE,CDBN_287,95.0
1124,NE,CDBN_279,94.0
1125,NE,CDBN_322,95.0
1126,NE,CDBN_289,107.0
1127,NE,CDBN_045,104.0
1128,NE,CDBN_047,99.0
1129,NE,CDBN_072,111.0
1130,NE,CDBN_134,112.0
1131,NE,CDBN_291,110.0
1132,NE,CDBN_003,90.0
1133,NE,CDBN_074,84.0
1134,NE,CDBN_080,91.0
1135,NE,CDBN_081,86.0
1136,NE,CDBN_309,87.0
1137,NE,CDBN_313,84.0
1138,NE,CDBN_315,82.0
1139,NE,CDBN_286,89.0
1140,NE,CDBN_090,78.0
1141,NE,CDBN_136,100.0
1142,NE,CDBN_246,107.0
1143,NE,CDBN_323,100.0
1144,NE,CDBN_188,94.0
1145,NE,CDBN_180,106.0
1146,NE,CDBN_240,99.0
1147,NE,CDBN_153,88.0
1148,NE,CDBN_308,98.0
1149,NE,CDBN_319,95.0
1150,NE,CDBN_100,80.0
1151,NE,CDBN_120,88.0
1152,NE,CDBN_276,93.0
1153,NE,CDBN_280,101.0
1154,NE,CDBN_281,98.0
1155,NE,CDBN_157,101.0
1156,NE,CDBN_133,83.0
1157,NE,CDBN_049,99.0
1158,NE,CDBN_099,89.0
1159,NE,CDBN_101,98.0
1160,NE,CDBN_102,110.0
1161,NE,CDBN_110,101.0
1162,NE,CDBN_111,93.0
1163,NE,CDBN_282,99.0
1164,NE,CDBN_283,102.0
1165,NE,CDBN_057,109.0
1166,NE,CDBN_112,84.0
1167,NE,CDBN_221,88.0
1168,NE,CDBN_229,101.0
1169,NE,CDBN_145,106.0
1170,NE,CDBN_103,88.0
1171,NE,CDBN_104,87.0
1172,NE,CDBN_106,101.0
1173,NE,CDBN_107,94.0
1174,NE,CDBN_177,92.0
1175,NE,CDBN_108,87.0
1176,NE,CDBN_109,87.0
1177,NE,CDBN_156,106.0
1178,NE,CDBN_194,106.0
1179,NE,CDBN_130,94.0
1180,NE,CDBN_113,106.0
1181,NE,CDBN_132,87.0
1182,NE,CDBN_162,106.0
1183,NE,CDBN_292,106.0
1184,NE,CDBN_105,84.0
1185,NE,CDBN_169,85.0
1186,NE,CDBN_231,86.0
1187,NE,CDBN_137,94.0
1188,NE,CDBN_150,86.0
1189,NE,CDBN_258,82.0
1190,NE,CDBN_264,93.0
1191,NE,CDBN_266,89.0
1192,NE,CDBN_152,91.0
1193,NE,CDBN_230,79.0
1194,NE,CDBN_209,85.0
1195,NE,CDBN_135,90.0
1196,NE,CDBN_222,87.0
1197,NE,CDBN_148,90.0
1198,NE,CDBN_227,90.0
1199,NE,CDBN_149,80.0
1200,NE,CDBN_117,84.0
1201,NE,CDBN_118,84.0
1202,NE,CDBN_122,108.0
1203,NE,CDBN_260,88.0
1204,NE,CDBN_202,84.0
1205,NE,CDBN_131,92.0
1206,NE,CDBN_151,110.0
1207,ON,CDBN_054,102.0
1208,ON,CDBN_351,100.0
1209,ON,CDBN_171,91.0
1210,ON,CDBN_345,104.0
1211,ON,CDBN_332,95.0
1212,ON,CDBN_339,91.0
1213,ON,CDBN_067,105.0
1214,ON,CDBN_062,103.0
1215,ON,CDBN_068,101.0
1216,ON,CDBN_172,98.0
1217,ON,CDBN_063,93.0
1218,ON,CDBN_095,87.0
1219,ON,CDBN_342,98.0
1220,ON,CDBN_069,95.0
1221,ON,CDBN_161,98.0
1222,ON,CDBN_059,92.0
1223,ON,CDBN_071,91.0
1224,ON,CDBN_310,100.0
1225,ON,CDBN_060,96.0
1226,ON,CDBN_061,93.0
1227,ON,CDBN_349,101.0
1228,ON,CDBN_185,112.0
1229,ON,CDBN_173,104.0
1230,ON,CDBN_160,106.0
1231,ON,CDBN_070,103.0
1232,ON,CDBN_236,110.0
1233,ON,CDBN_235,101.0
1234,ON,CDBN_218,106.0
1235,ON,CDBN_343,110.0
1236,ON,CDBN_052,120.0
1237,ON,CDBN_064,119.0
1238,ON,CDBN_262,117.0
1239,ON,CDBN_083,109.0
1240,ON,CDBN_143,114.0
1241,ON,CDBN_253,92.0
1242,ON,CDBN_237,94.0
1243,ON,CDBN_058,93.0
1244,ON,CDBN_217,93.0
1245,ON,CDBN_167,104.0
1246,ON,CDBN_261,94.0
1247,ON,CDBN_243,86.0
1248,ON,CDBN_295,100.0
1249,ON,CDBN_066,109.0
1250,ON,CDBN_269,97.0
1251,ON,CDBN_055,93.0
1252,ON,CDBN_195,102.0
1253,ON,CDBN_305,86.0
1254,ON,CDBN_174,91.0
1255,ON,CDBN_214,93.0
1256,ON,CDBN_141,94.0
1257,ON,CDBN_142,89.0
1258,ON,CDBN_255,98.0
1259,ON,CDBN_270,86.0
1260,ON,CDBN_197,99.0
1261,ON,CDBN_210,94.0
1262,ON,CDBN_085,100.0
1263,ON,CDBN_228,105.0
1264,ON,CDBN_184,104.0
1265,ON,CDBN_254,108.0
1266,ON,CDBN_215,114.0
1267,ON,CDBN_168,104.3
1268,ON,CDBN_163,101.4
1269,ON,CDBN_096,96.7
1270,ON,CDBN_056,117.7
1271,ON,CDBN_272,94.1
1272,ON,CDBN_198,101.2
1273,ON,CDBN_200,105.7
1274,ON,CDBN_189,91.3
1275,ON,CDBN_206,88.3
1276,ON,CDBN_211,100.1
1277,ON,CDBN_216,95.1
1278,ON,CDBN_091,94.18
1279,ON,CDBN_244,100.86
1280,ON,CDBN_035,91.69
1281,ON,CDBN_178,103.15
1282,ON,CDBN_139,92.05
1283,ON,CDBN_353,103.03
1284,ON,CDBN_320,111.0
1285,ON,CDBN_252,115.0
1286,ON,CDBN_304,94.0
1287,ON,CDBN_204,113.0
1288,ON,CDBN_212,115.0
1289,ON,CDBN_213,105.0
1290,ON,CDBN_225,107.0
1291,ON,CDBN_092,115.1433
1292,ON,CDBN_245,119.2261
1293,ON,CDBN_019,117.4335
1294,ON,CDBN_020,110.4762
1295,ON,CDBN_302,109.2204
1296,ON,CDBN_324,115.8329
1297,ON,CDBN_224,105.9959
1298,ON,CDBN_087,121.3381
1299,ON,CDBN_011,99.5
1300,ON,CDBN_016,101.75
1301,ON,CDBN_089,90.25
1302,ON,CDBN_123,91.75
1303,ON,CDBN_263,100.5
1304,ON,CDBN_126,92.0
1305,ON,CDBN_127,97.0
1306,ON,CDBN_028,100.25
1307,ON,CDBN_129,100.75
1308,ON,CDBN_196,86.5
1309,ON,CDBN_079,96.25
1310,ON,CDBN_084,89.75
1311,ON,CDBN_010,98.2069
1312,ON,CDBN_012,86.119
1313,ON,CDBN_015,97.1293
1314,ON,CDBN_277,102.555
1315,ON,CDBN_116,109.5003
1316,ON,CDBN_298,86.5934
1317,ON,CDBN_299,90.6698
1318,ON,CDBN_249,85.6088
1319,ON,CDBN_250,79.0226
1320,ON,CDBN_251,83.9889
1321,ON,CDBN_017,94.9721
1322,ON,CDBN_021,116.0575
1323,ON,CDBN_026,107.2337
1324,ON,CDBN_125,101.4062
1325,ON,CDBN_027,106.1878
1326,ON,CDBN_164,102.4849
1327,ON,CDBN_044,112.8512
1328,ON,CDBN_046,96.7266
1329,ON,CDBN_285,107.8995
1330,ON,CDBN_219,83.5429
1331,ON,CDBN_311,88.3916
1332,ON,CDBN_053,84.161
1333,ON,CDBN_065,94.0877
1334,ON,CDBN_314,86.463
1335,ON,CDBN_317,81.981
1336,ON,CDBN_013,96.0
1337,ON,CDBN_014,93.0
1338,ON,CDBN_051,118.0
1339,ON,CDBN_293,109.0
1340,ON,CDBN_242,102.0
1341,ON,CDBN_239,113.0
1342,ON,CDBN_159,112.0
1343,ON,CDBN_247,99.0
1344,ON,CDBN_278,113.0
1345,ON,CDBN_024,96.0
1346,ON,CDBN_268,113.0
1347,ON,CDBN_036,113.0
1348,ON,CDBN_037,117.0
1349,ON,CDBN_048,108.0
1350,ON,CDBN_271,112.0
1351,ON,CDBN_193,106.0
1352,ON,CDBN_128,92.0
1353,ON,CDBN_303,111.0
1354,ON,CDBN_199,99.0
1355,ON,CDBN_232,115.0
1356,ON,CDBN_203,116.0
1357,ON,CDBN_098,112.0
1358,ON,CDBN_165,112.0
1359,ON,CDBN_307,114.0
1360,ON,CDBN_138,109.0
1361,ON,CDBN_318,106.0
1362,ON,CDBN_300,97.0
1363,ON,CDBN_039,103.0
1364,ON,CDBN_284,105.0
1365,ON,CDBN_238,108.0
1366,ON,CDBN_290,103.0
1367,ON,CDBN_273,106.0
1368,ON,CDBN_274,101.0
1369,ON,CDBN_002,99.0
1370,ON,CDBN_115,92.0
1371,ON,CDBN_275,88.0
1372,ON,CDBN_259,100.0
1373,ON,CDBN_166,102.0
1374,ON,CDBN_226,96.0
1375,ON,CDBN_009,106.0
1376,ON,CDBN_154,101.0
1377,ON,CDBN_241,105.0
1378,ON,CDBN_267,106.0
1379,ON,CDBN_038,107.0
1380,ON,CDBN_040,104.0
1381,ON,CDBN_043,110.0
1382,ON,CDBN_093,115.0
1383,ON,CDBN_179,101.0
1384,ON,CDBN_201,106.0
1385,ON,CDBN_086,90.0
1386,ON,CDBN_088,119.0
1387,ON,CDBN_155,108.0
1388,ON,CDBN_296,103.0
1389,ON,CDBN_321,114.0
1390,ON,CDBN_248,105.0
1391,ON,CDBN_301,112.0
1392,ON,CDBN_257,107.0
1393,ON,CDBN_146,112.0
1394,ON,CDBN_265,98.0
1395,ON,CDBN_042,112.0
1396,ON,CDBN_306,101.0
1397,ON,CDBN_312,103.0
1398,ON,CDBN_316,107.0
1399,ON,CDBN_144,114.0
1400,ON,CDBN_170,113.0
1401,ON,CDBN_288,98.0
1402,ON,CDBN_097,113.0
1403,ON,CDBN_030,108.0
1404,ON,CDBN_031,113.0
1405,ON,CDBN_032,106.0
1406,ON,CDBN_033,110.0
1407,ON,CDBN_034,114.0
1408,ON,CDBN_192,114.0
1409,ON,CDBN_041,112.0
1410,ON,CDBN_076,97.0
1411,ON,CDBN_077,116.0
1412,ON,CDBN_207,97.0
1413,ON,CDBN_186,98.0
1414,ON,CDBN_006,101.0
1415,ON,CDBN_187,100.0
1416,ON,CDBN_008,108.0
1417,ON,CDBN_007,113.0
1418,ON,CDBN_147,101.0
1419,ON,CDBN_023,118.0
1420,ON,CDBN_124,112.0
1421,ON,CDBN_073,116.0
1422,ON,CDBN_075,114.0
1423,ON,CDBN_175,96.0
1424,ON,CDBN_001,129.0
1425,ON,CDBN_005,119.0
1426,ON,CDBN_294,113.0
1427,ON,CDBN_050,121.0
1428,ON,CDBN_297,110.0
1429,ON,CDBN_182,114.0
1430,ON,CDBN_287,108.0
1431,ON,CDBN_279,103.0
1432,ON,CDBN_322,114.0
1433,ON,CDBN_289,129.0
1434,ON,CDBN_045,112.0
1435,ON,CDBN_047,111.0
1436,ON,CDBN_072,111.0
1437,ON,CDBN_134,125.0
1438,ON,CDBN_291,125.0
1439,ON,CDBN_003,87.0
1440,ON,CDBN_286,99.0
1441,ON,CDBN_074,89.0
1442,ON,CDBN_080,91.0
1443,ON,CDBN_090,90.0
1444,ON,CDBN_081,88.0
1445,ON,CDBN_309,88.0
1446,ON,CDBN_313,80.0
1447,ON,CDBN_315,88.0
1448,ON,CDBN_136,89.0
1449,ON,CDBN_246,100.0
1450,ON,CDBN_323,91.0
1451,ON,CDBN_188,90.0
1452,ON,CDBN_180,98.0
1453,ON,CDBN_240,90.0
1454,ON,CDBN_153,84.0
1455,ON,CDBN_308,100.0
1456,ON,CDBN_319,78.0
1457,ON,CDBN_025,85.0
1458,ON,CDBN_280,104.0
1459,ON,CDBN_049,91.0
1460,ON,CDBN_100,98.0
1461,ON,CDBN_120,105.0
1462,ON,CDBN_276,100.0
1463,ON,CDBN_281,119.0
1464,ON,CDBN_157,116.0
1465,ON,CDBN_133,94.0
1466,ON,CDBN_112,74.0
1467,ON,CDBN_220,88.0
1468,ON,CDBN_099,83.0
1469,ON,CDBN_101,88.0
1470,ON,CDBN_102,122.0
1471,ON,CDBN_110,107.0
1472,ON,CDBN_111,93.0
1473,ON,CDBN_282,121.0
1474,ON,CDBN_283,83.0
1475,ON,CDBN_057,86.0
1476,ON,CDBN_221,102.0
1477,ON,CDBN_229,93.0
1478,ON,CDBN_145,104.0
1479,ON,CDBN_103,90.0
1480,ON,CDBN_104,90.0
1481,ON,CDBN_106,103.0
1482,ON,CDBN_107,90.0
1483,ON,CDBN_177,86.0
1484,ON,CDBN_108,81.0
1485,ON,CDBN_109,91.0
1486,ON,CDBN_156,101.0
1487,ON,CDBN_194,105.0
1488,ON,CDBN_130,91.0
1489,ON,CDBN_113,101.0
1490,ON,CDBN_132,92.0
1491,ON,CDBN_162,102.0
1492,ON,CDBN_292,92.0
1493,ON,CDBN_169,82.0
1494,ON,CDBN_117,85.0
1495,ON,CDBN_118,88.0
1496,ON,CDBN_122,85.0
1497,ON,CDBN_264,86.0
1498,ON,CDBN_131,84.0
1499,ON,CDBN_227,85.0
1500,ON,CDBN_151,89.0
1501,WA,CDBN_054,99.0
1502,WA,CDBN_351,105.0
1503,WA,CDBN_171,84.0
1504,WA,CDBN_345,110.0
1505,WA,CDBN_332,100.0
1506,WA,CDBN_339,97.0
1507,WA,CDBN_067,114.0
1508,WA,CDBN_062,112.0
1509,WA,CDBN_068,113.0
1510,WA,CDBN_172,93.0
1511,WA,CDBN_063,101.0
1512,WA,CDBN_095,101.0
1513,WA,CDBN_342,102.0
1514,WA,CDBN_069,95.0
1515,WA,CDBN_161,102.0
1516,WA,CDBN_059,109.0
1517,WA,CDBN_071,85.0
1518,WA,CDBN_310,113.0
1519,WA,CDBN_060,98.0
1520,WA,CDBN_061,93.0
1521,WA,CDBN_349,109.0
1522,WA,CDBN_185,100.0
1523,WA,CDBN_173,96.0
1524,WA,CDBN_160,83.0
1525,WA,CDBN_070,95.0
1526,WA,CDBN_236,101.0
1527,WA,CDBN_235,91.0
1528,WA,CDBN_218,94.0
1529,WA,CDBN_343,98.0
1530,WA,CDBN_052,112.0
1531,WA,CDBN_064,107.0
1532,WA,CDBN_262,103.0
1533,WA,CDBN_083,101.0
1534,WA,CDBN_143,107.0
1535,WA,CDBN_253,103.0
1536,WA,CDBN_237,99.0
1537,WA,CDBN_058,103.0
1538,WA,CDBN_217,107.0
1539,WA,CDBN_167,107.0
1540,WA,CDBN_261,97.0
1541,WA,CDBN_243,89.0
1542,WA,CDBN_295,108.0
1543,WA,CDBN_066,98.0
1544,WA,CDBN_269,100.0
1545,WA,CDBN_055,101.0
1546,WA,CDBN_195,101.0
1547,WA,CDBN_305,89.0
1548,WA,CDBN_174,104.0
1549,WA,CDBN_214,94.0
1550,WA,CDBN_141,92.0
1551,WA,CDBN_142,100.0
1552,WA,CDBN_255,103.0
1553,WA,CDBN_270,98.0
1554,WA,CDBN_197,108.0
1555,WA,CDBN_210,99.0
1556,WA,CDBN_085,105.0
1557,WA,CDBN_228,109.0
1558,WA,CDBN_184,94.0
1559,WA,CDBN_254,97.0
1560,WA,CDBN_215,101.0
1561,WA,CDBN_168,97.0
1562,WA,CDBN_163,97.0
1563,WA,CDBN_096,103.0
1564,WA,CDBN_056,111.0
1565,WA,CDBN_272,107.0
1566,WA,CDBN_198,106.0
1567,WA,CDBN_200,111.0
1568,WA,CDBN_189,96.0
1569,WA,CDBN_206,100.0
1570,WA,CDBN_211,103.0
1571,WA,CDBN_216,107.0
1572,WA,CDBN_091,93.0
1573,WA,CDBN_320,111.0
1574,WA,CDBN_244,104.0
1575,WA,CDBN_252,104.0
1576,WA,CDBN_035,109.0
1577,WA,CDBN_304,93.0
1578,WA,CDBN_204,109.0
1579,WA,CDBN_212,109.0
1580,WA,CDBN_178,109.0
1581,WA,CDBN_213,93.0
1582,WA,CDBN_225,93.0
1583,WA,CDBN_092,90.0
1584,WA,CDBN_181,90.0
1585,WA,CDBN_183,95.0
1586,WA,CDBN_019,95.0
1587,WA,CDBN_020,86.0
1588,WA,CDBN_302,86.0
1589,WA,CDBN_078,90.0
1590,WA,CDBN_165,86.0
1591,WA,CDBN_158,90.0
1592,WA,CDBN_094,96.0
1593,WA,CDBN_082,93.0
1594,WA,CDBN_223,95.0
1595,WA,CDBN_245,96.0
1596,WA,CDBN_324,96.0
1597,WA,CDBN_224,93.0
1598,WA,CDBN_087,95.0
1599,WA,CDBN_275,88.0
1600,WA,CDBN_170,87.0
1601,WA,CDBN_121,93.0
1602,WA,CDBN_026,100.0
1603,WA,CDBN_196,83.0
1604,WA,CDBN_208,96.0
1605,WA,CDBN_234,104.0
1606,WA,CDBN_316,104.0
1607,WA,CDBN_084,90.0
1608,WA,CDBN_011,97.0
1609,WA,CDBN_016,97.0
1610,WA,CDBN_089,85.5
1611,WA,CDBN_123,104.0
1612,WA,CDBN_263,103.0
1613,WA,CDBN_126,100.0
1614,WA,CDBN_127,100.0
1615,WA,CDBN_028,102.5
1616,WA,CDBN_129,104.0
1617,WA,CDBN_079,100.5
1618,WA,CDBN_010,87.0
1619,WA,CDBN_012,88.0
1620,WA,CDBN_015,91.0
1621,WA,CDBN_277,95.0
1622,WA,CDBN_116,92.0
1623,WA,CDBN_298,94.0
1624,WA,CDBN_299,90.0
1625,WA,CDBN_249,85.0
1626,WA,CDBN_250,86.0
1627,WA,CDBN_251,90.0
1628,WA,CDBN_017,87.0
1629,WA,CDBN_021,97.0
1630,WA,CDBN_125,87.0
1631,WA,CDBN_027,87.0
1632,WA,CDBN_164,85.0
1633,WA,CDBN_044,92.0
1634,WA,CDBN_046,83.0
1635,WA,CDBN_285,90.0
1636,WA,CDBN_219,85.0
1637,WA,CDBN_311,90.0
1638,WA,CDBN_053,85.0
1639,WA,CDBN_065,96.0
1640,WA,CDBN_314,90.0
1641,WA,CDBN_317,88.0
1642,WA,CDBN_013,92.0
1643,WA,CDBN_014,94.0
1644,WA,CDBN_051,82.0
1645,WA,CDBN_293,87.0
1646,WA,CDBN_242,92.0
1647,WA,CDBN_239,95.0
1648,WA,CDBN_159,82.0
1649,WA,CDBN_247,82.0
1650,WA,CDBN_278,82.0
1651,WA,CDBN_024,82.0
1652,WA,CDBN_268,87.0
1653,WA,CDBN_036,95.0
1654,WA,CDBN_037,95.0
1655,WA,CDBN_048,94.0
1656,WA,CDBN_271,90.0
1657,WA,CDBN_193,87.0
1658,WA,CDBN_128,87.0
1659,WA,CDBN_303,94.0
1660,WA,CDBN_199,82.0
1661,WA,CDBN_232,94.0
1662,WA,CDBN_203,95.0
1663,WA,CDBN_098,92.0
1664,WA,CDBN_307,87.0
1665,WA,CDBN_138,87.0
1666,WA,CDBN_318,82.0
1667,WA,CDBN_300,89.0
1668,WA,CDBN_039,105.0
1669,WA,CDBN_284,85.0
1670,WA,CDBN_238,108.0
1671,WA,CDBN_290,95.0
1672,WA,CDBN_273,108.0
1673,WA,CDBN_274,87.0
1674,WA,CDBN_002,76.0
1675,WA,CDBN_115,90.0
1676,WA,CDBN_259,92.0
1677,WA,CDBN_166,87.0
1678,WA,CDBN_226,90.0
1679,WA,CDBN_009,91.0
1680,WA,CDBN_154,85.0
1681,WA,CDBN_241,85.0
1682,WA,CDBN_267,91.0
1683,WA,CDBN_038,90.0
1684,WA,CDBN_040,85.0
1685,WA,CDBN_043,91.0
1686,WA,CDBN_093,87.0
1687,WA,CDBN_179,85.0
1688,WA,CDBN_201,91.0
1689,WA,CDBN_086,85.0
1690,WA,CDBN_088,91.0
1691,WA,CDBN_155,94.0
1692,WA,CDBN_296,94.0
1693,WA,CDBN_321,105.0
1694,WA,CDBN_248,98.0
1695,WA,CDBN_301,105.0
1696,WA,CDBN_257,92.0
1697,WA,CDBN_146,103.0
1698,WA,CDBN_265,92.0
1699,WA,CDBN_042,93.0
1700,WA,CDBN_306,94.0
1701,WA,CDBN_312,100.0
1702,WA,CDBN_144,97.0
1703,WA,CDBN_288,101.0
1704,WA,CDBN_097,112.0
1705,WA,CDBN_030,107.0
1706,WA,CDBN_031,106.0
1707,WA,CDBN_032,101.0
1708,WA,CDBN_033,107.0
1709,WA,CDBN_034,107.0
1710,WA,CDBN_192,101.0
1711,WA,CDBN_041,100.0
1712,WA,CDBN_076,100.0
1713,WA,CDBN_077,113.0
1714,WA,CDBN_207,103.0
1715,WA,CDBN_186,96.0
1716,WA,CDBN_006,106.0
1717,WA,CDBN_187,112.0
1718,WA,CDBN_008,101.0
1719,WA,CDBN_007,114.0
1720,WA,CDBN_147,106.0
1721,WA,CDBN_023,116.0
1722,WA,CDBN_124,111.0
1723,WA,CDBN_073,107.0
1724,WA,CDBN_075,107.0
1725,WA,CDBN_175,103.0
1726,WA,CDBN_003,122.0
1727,WA,CDBN_005,122.0
1728,WA,CDBN_004,122.0
1729,WA,CDBN_279,122.0
1730,WA,CDBN_022,122.0
1731,WA,CDBN_322,122.0
1732,WA,CDBN_047,121.0
1733,WA,CDBN_001,111.0
1734,WA,CDBN_294,101.0
1735,WA,CDBN_050,110.0
1736,WA,CDBN_297,99.0
1737,WA,CDBN_182,103.0
1738,WA,CDBN_287,110.0
1739,WA,CDBN_289,118.0
1740,WA,CDBN_045,104.0
1741,WA,CDBN_072,108.0
1742,WA,CDBN_134,105.0
1743,WA,CDBN_291,116.0
1744,WA,CDBN_136,99.0
1745,WA,CDBN_246,96.0
1746,WA,CDBN_286,82.0
1747,WA,CDBN_323,101.0
1748,WA,CDBN_188,80.0
1749,WA,CDBN_180,96.0
1750,WA,CDBN_240,98.0
1751,WA,CDBN_090,81.0
1752,WA,CDBN_153,77.0
1753,WA,CDBN_308,101.0
1754,WA,CDBN_309,101.0
1755,WA,CDBN_313,82.0
1756,WA,CDBN_315,94.0
1757,WA,CDBN_319,80.0
1758,WA,CDBN_025,91.0
1759,WA,CDBN_280,91.0
1760,WA,CDBN_049,95.0
1761,WA,CDBN_100,95.0
1762,WA,CDBN_120,100.0
1763,WA,CDBN_276,100.0
1764,WA,CDBN_281,95.0
1765,WA,CDBN_157,90.0
1766,WA,CDBN_133,95.0
1767,WA,CDBN_112,80.0
1768,WA,CDBN_220,95.0
1769,WA,CDBN_099,85.0
1770,WA,CDBN_229,92.0
1771,WA,CDBN_145,100.0
1772,WA,CDBN_103,80.0
1773,WA,CDBN_104,85.0
1774,WA,CDBN_106,95.0
1775,WA,CDBN_107,92.0
1776,WA,CDBN_177,85.0
1777,WA,CDBN_108,80.0
1778,WA,CDBN_109,85.0
1779,WA,CDBN_110,95.0
1780,WA,CDBN_111,85.0
1781,WA,CDBN_156,85.0
1782,WA,CDBN_282,90.0
1783,WA,CDBN_194,100.0
1784,WA,CDBN_130,80.0
1785,WA,CDBN_113,100.0
1786,WA,CDBN_132,85.0
1787,WA,CDBN_162,92.0
1788,WA,CDBN_221,90.0
1789,WA,CDBN_292,95.0
1790,WA,CDBN_105,90.0
1791,WA,CDBN_169,92.0
1792,WA,CDBN_231,93.0
1793,WA,CDBN_137,93.0
1794,WA,CDBN_150,93.0
1795,WA,CDBN_258,85.0
1796,WA,CDBN_264,90.0
1797,WA,CDBN_266,90.0
1798,WA,CDBN_152,85.0
1799,WA,CDBN_230,85.0
1800,WA,CDBN_209,95.0
1801,WA,CDBN_135,95.0
1802,WA,CDBN_222,90.0
1803,WA,CDBN_148,100.0
1804,WA,CDBN_227,90.0
1805,WA,CDBN_149,90.0
1806,WA,CDBN_117,90.0
1807,WA,CDBN_118,95.0
1808,WA,CDBN_122,100.0
1809,WA,CDBN_260,80.0
1810,WA,CDBN_202,80.0
1811,WA,CDBN_131,93.0
1812,WA,CDBN_151,97.0
1813,WY,CDBN_054,87.0
1814,WY,CDBN_351,79.0
1815,WY,CDBN_171,85.0
1816,WY,CDBN_345,75.0
1817,WY,CDBN_332,80.0
1818,WY,CDBN_339,83.0
1819,WY,CDBN_067,84.0
1820,WY,CDBN_062,77.0
1821,WY,CDBN_068,80.0
1822,WY,CDBN_172,78.0
1823,WY,CDBN_063,78.0
1824,WY,CDBN_095,83.0
1825,WY,CDBN_342,88.0
1826,WY,CDBN_069,83.0
1827,WY,CDBN_161,81.0
1828,WY,CDBN_059,84.0
1829,WY,CDBN_071,83.0
1830,WY,CDBN_310,87.0
1831,WY,CDBN_060,84.0
1832,WY,CDBN_061,86.0
1833,WY,CDBN_349,83.0
1834,WY,CDBN_052,97.0
1835,WY,CDBN_064,102.0
1836,WY,CDBN_236,95.0
1837,WY,CDBN_218,92.0
1838,WY,CDBN_262,96.0
1839,WY,CDBN_083,97.0
1840,WY,CDBN_143,97.0
1841,WY,CDBN_253,87.0
1842,WY,CDBN_237,89.0
1843,WY,CDBN_058,90.0
1844,WY,CDBN_217,93.0
1845,WY,CDBN_167,103.0
1846,WY,CDBN_261,88.0
1847,WY,CDBN_243,83.0
1848,WY,CDBN_295,94.0
1849,WY,CDBN_066,94.0
1850,WY,CDBN_269,83.0
1851,WY,CDBN_055,91.0
1852,WY,CDBN_195,94.0
1853,WY,CDBN_305,80.0
1854,WY,CDBN_174,96.0
1855,WY,CDBN_214,89.0
1856,WY,CDBN_141,83.0
1857,WY,CDBN_142,90.0
1858,WY,CDBN_255,107.0
1859,WY,CDBN_270,98.0
1860,WY,CDBN_197,106.0
1861,WY,CDBN_210,103.0
1862,WY,CDBN_085,103.0
1863,WY,CDBN_228,106.0
1864,WY,CDBN_184,112.0
1865,WY,CDBN_254,114.0
1866,WY,CDBN_215,116.0
1867,WY,CDBN_168,111.0
1868,WY,CDBN_163,99.0
1869,WY,CDBN_096,108.0
1870,WY,CDBN_056,117.0
1871,WY,CDBN_272,109.0
1872,WY,CDBN_198,111.0
1873,WY,CDBN_200,113.0
1874,WY,CDBN_189,104.0
1875,WY,CDBN_206,90.0
1876,WY,CDBN_211,107.0
1877,WY,CDBN_216,109.0
1878,WY,CDBN_091,91.0
1879,WY,CDBN_244,94.0
1880,WY,CDBN_035,92.0
1881,WY,CDBN_178,93.0
1882,WY,CDBN_139,89.0
1883,WY,CDBN_353,93.0
1884,WY,CDBN_320,99.0
1885,WY,CDBN_252,90.0
1886,WY,CDBN_304,91.0
1887,WY,CDBN_204,90.0
1888,WY,CDBN_212,90.0
1889,WY,CDBN_213,84.0
1890,WY,CDBN_225,89.0
1891,WY,CDBN_092,115.0
1892,WY,CDBN_245,124.0
1893,WY,CDBN_019,128.0
1894,WY,CDBN_020,104.0
1895,WY,CDBN_302,115.0
1896,WY,CDBN_324,124.0
1897,WY,CDBN_224,107.0
1898,WY,CDBN_087,124.0
1899,WY,CDBN_275,80.0
1900,WY,CDBN_170,80.0
1901,WY,CDBN_121,80.0
1902,WY,CDBN_026,83.0
1903,WY,CDBN_196,76.0
1904,WY,CDBN_208,92.0
1905,WY,CDBN_234,83.0
1906,WY,CDBN_235,76.0
1907,WY,CDBN_316,83.0
1908,WY,CDBN_084,76.0
1909,WY,CDBN_011,88.0
1910,WY,CDBN_016,90.0
1911,WY,CDBN_089,84.0
1912,WY,CDBN_123,108.0
1913,WY,CDBN_263,90.0
1914,WY,CDBN_126,99.0
1915,WY,CDBN_127,90.0
1916,WY,CDBN_028,88.0
1917,WY,CDBN_129,88.0
1918,WY,CDBN_079,108.0
1919,WY,CDBN_010,89.0
1920,WY,CDBN_012,78.0
1921,WY,CDBN_015,89.0
1922,WY,CDBN_277,93.0
1923,WY,CDBN_116,93.0
1924,WY,CDBN_298,84.0
1925,WY,CDBN_299,89.0
1926,WY,CDBN_249,78.0
1927,WY,CDBN_250,78.0
1928,WY,CDBN_251,78.0
1929,WY,CDBN_017,91.0
1930,WY,CDBN_021,97.0
1931,WY,CDBN_125,93.0
1932,WY,CDBN_027,93.0
1933,WY,CDBN_164,93.0
1934,WY,CDBN_044,93.0
1935,WY,CDBN_046,82.0
1936,WY,CDBN_285,91.0
1937,WY,CDBN_219,87.0
1938,WY,CDBN_311,84.0
1939,WY,CDBN_053,78.0
1940,WY,CDBN_065,84.0
1941,WY,CDBN_314,82.0
1942,WY,CDBN_317,81.0
1943,WY,CDBN_013,88.0
1944,WY,CDBN_014,83.0
1945,WY,CDBN_051,95.0
1946,WY,CDBN_293,90.0
1947,WY,CDBN_242,90.0
1948,WY,CDBN_239,95.0
1949,WY,CDBN_159,94.0
1950,WY,CDBN_247,81.0
1951,WY,CDBN_278,90.0
1952,WY,CDBN_024,86.0
1953,WY,CDBN_268,90.0
1954,WY,CDBN_036,95.0
1955,WY,CDBN_037,95.0
1956,WY,CDBN_048,90.0
1957,WY,CDBN_271,90.0
1958,WY,CDBN_193,90.0
1959,WY,CDBN_128,79.0
1960,WY,CDBN_303,92.0
1961,WY,CDBN_199,87.0
1962,WY,CDBN_232,95.0
1963,WY,CDBN_203,90.0
1964,WY,CDBN_098,90.0
1965,WY,CDBN_165,90.0
1966,WY,CDBN_307,95.0
1967,WY,CDBN_138,90.0
1968,WY,CDBN_318,81.0
1969,WY,CDBN_300,96.0
1970,WY,CDBN_039,97.0
1971,WY,CDBN_284,96.0
1972,WY,CDBN_238,97.0
1973,WY,CDBN_290,91.0
1974,WY,CDBN_273,109.0
1975,WY,CDBN_274,97.0
1976,WY,CDBN_002,98.0
1977,WY,CDBN_115,97.0
1978,WY,CDBN_259,99.0
1979,WY,CDBN_166,101.0
1980,WY,CDBN_226,100.0
1981,WY,CDBN_009,100.0
1982,WY,CDBN_154,101.0
1983,WY,CDBN_241,92.0
1984,WY,CDBN_267,98.0
1985,WY,CDBN_038,99.0
1986,WY,CDBN_040,92.0
1987,WY,CDBN_043,95.0
1988,WY,CDBN_093,97.0
1989,WY,CDBN_179,90.0
1990,WY,CDBN_201,97.0
1991,WY,CDBN_086,89.0
1992,WY,CDBN_088,108.0
1993,WY,CDBN_155,102.0
1994,WY,CDBN_296,97.0
1995,WY,CDBN_321,105.0
1996,WY,CDBN_248,105.0
1997,WY,CDBN_301,111.0
1998,WY,CDBN_257,99.0
1999,WY,CDBN_146,105.0
2000,WY,CDBN_265,90.0
2001,WY,CDBN_042,102.0
2002,WY,CDBN_306,94.0
2003,WY,CDBN_312,91.0
2004,WY,CDBN_144,105.0
2005,WY,CDBN_288,100.0
2006,WY,CDBN_097,111.0
2007,WY,CDBN_030,109.0
2008,WY,CDBN_031,97.0
2009,WY,CDBN_032,105.0
2010,WY,CDBN_033,111.0
2011,WY,CDBN_034,101.0
2012,WY,CDBN_192,102.0
2013,WY,CDBN_041,93.0
2014,WY,CDBN_076,102.0
2015,WY,CDBN_077,114.0
2016,WY,CDBN_207,109.0
2017,WY,CDBN_186,89.0
2018,WY,CDBN_006,85.0
2019,WY,CDBN_187,92.0
2020,WY,CDBN_008,89.0
2021,WY,CDBN_007,95.0
2022,WY,CDBN_147,95.0
2023,WY,CDBN_023,102.0
2024,WY,CDBN_124,89.0
2025,WY,CDBN_073,92.0
2026,WY,CDBN_075,89.0
2027,WY,CDBN_175,89.0
2028,WY,CDBN_003,114.0
2029,WY,CDBN_005,114.0
2030,WY,CDBN_004,111.0
2031,WY,CDBN_279,104.0
2032,WY,CDBN_022,103.0
2033,WY,CDBN_322,111.0
2034,WY,CDBN_047,114.0
2035,WY,CDBN_050,106.0
2036,WY,CDBN_323,110.0
2037,WY,CDBN_280,102.0
2038,WY,CDBN_281,103.0
2039,WY,CDBN_112,94.0
2040,WY,CDBN_133,94.0
2041,WY,CDBN_090,102.0
2042,WY,CDBN_153,91.0
2043,WY,CDBN_220,97.0
2044,WY,CDBN_099,117.0
2045,WY,CDBN_229,115.0
2046,WY,CDBN_294,117.0
2047,WY,CDBN_145,122.0
2048,WY,CDBN_103,108.0
2049,WY,CDBN_104,117.0
2050,WY,CDBN_106,122.0
2051,WY,CDBN_107,122.0
2052,WY,CDBN_177,109.0
2053,WY,CDBN_108,108.0
2054,WY,CDBN_109,112.0
2055,WY,CDBN_110,117.0
2056,WY,CDBN_111,116.0
2057,WY,CDBN_156,117.0
2058,WY,CDBN_282,117.0
2059,WY,CDBN_194,122.0
2060,WY,CDBN_130,116.0
2061,WY,CDBN_113,121.0
2062,WY,CDBN_132,121.0
2063,WY,CDBN_162,117.0
2064,WY,CDBN_221,114.0
2065,WY,CDBN_049,115.0
2066,WY,CDBN_292,117.0
2067,WY,CDBN_105,98.0
2068,WY,CDBN_231,102.0
2069,WY,CDBN_276,99.0
2070,WY,CDBN_137,100.0
2071,WY,CDBN_150,101.0
2072,WY,CDBN_258,92.0
2073,WY,CDBN_264,107.0
2074,WY,CDBN_266,93.0
2075,WY,CDBN_169,106.0
2076,WY,CDBN_152,105.0
2077,WY,CDBN_230,93.0
2078,WY,CDBN_209,106.0
2079,WY,CDBN_135,104.0
2080,WY,CDBN_222,96.0
2081,WY,CDBN_148,110.0
2082,WY,CDBN_227,98.0
2083,WY,CDBN_149,93.0
2084,WY,CDBN_176,110.0
2085,WY,CDBN_117,110.0
2086,WY,CDBN_118,110.0
2087,WY,CDBN_260,99.0
2088,WY,CDBN_114,110.0
2089,WY,CDBN_233,110.0
2090,ID,CDBN_054,100.0
2091,ID,CDBN_171,100.0
2092,ID,CDBN_185,98.0
2093,ID,CDBN_067,105.0
2094,ID,CDBN_062,105.0
2095,ID,CDBN_068,105.0
2096,ID,CDBN_172,105.0
2097,ID,CDBN_173,100.0
2098,ID,CDBN_160,105.0
2099,ID,CDBN_063,105.0
2100,ID,CDBN_095,92.0
2101,ID,CDBN_069,105.0
2102,ID,CDBN_070,105.0
2103,ID,CDBN_236,105.0
2104,ID,CDBN_161,105.0
2105,ID,CDBN_059,105.0
2106,ID,CDBN_071,102.0
2107,ID,CDBN_310,100.0
2108,ID,CDBN_060,105.0
2109,ID,CDBN_235,98.0
2110,ID,CDBN_218,102.0
2111,ID,CDBN_343,105.0
2112,ID,CDBN_061,105.0
2113,ID,CDBN_243,87.0
2114,ID,CDBN_295,99.0
2115,ID,CDBN_066,97.0
2116,ID,CDBN_253,92.0
2117,ID,CDBN_269,90.0
2118,ID,CDBN_055,98.0
2119,ID,CDBN_195,100.0
2120,ID,CDBN_237,97.0
2121,ID,CDBN_305,84.0
2122,ID,CDBN_174,97.0
2123,ID,CDBN_064,100.0
2124,ID,CDBN_214,91.0
2125,ID,CDBN_217,99.0
2126,ID,CDBN_167,102.0
2127,ID,CDBN_141,91.0
2128,ID,CDBN_142,96.0
2129,ID,CDBN_143,97.0
2130,ID,CDBN_168,93.0
2131,ID,CDBN_163,96.0
2132,ID,CDBN_254,96.0
2133,ID,CDBN_096,95.0
2134,ID,CDBN_270,91.0
2135,ID,CDBN_056,104.0
2136,ID,CDBN_272,97.0
2137,ID,CDBN_197,101.0
2138,ID,CDBN_198,95.0
2139,ID,CDBN_200,101.0
2140,ID,CDBN_189,90.0
2141,ID,CDBN_206,92.0
2142,ID,CDBN_210,96.0
2143,ID,CDBN_211,95.0
2144,ID,CDBN_215,101.0
2145,ID,CDBN_216,93.0
2146,ID,CDBN_228,102.0
2147,ID,CDBN_091,89.3333
2148,ID,CDBN_244,95.3333
2149,ID,CDBN_035,87.3333
2150,ID,CDBN_178,91.3333
2151,ID,CDBN_139,87.6667
2152,ID,CDBN_353,90.6667
2153,ID,CDBN_320,98.0
2154,ID,CDBN_252,98.0
2155,ID,CDBN_304,100.0
2156,ID,CDBN_204,98.0
2157,ID,CDBN_212,96.0
2158,ID,CDBN_213,95.0
2159,ID,CDBN_225,95.0
2160,ID,CDBN_010,91.0
2161,ID,CDBN_013,87.0
2162,ID,CDBN_014,84.0
2163,ID,CDBN_051,91.0
2164,ID,CDBN_293,88.0
2165,ID,CDBN_277,92.0
2166,ID,CDBN_242,90.0
2167,ID,CDBN_116,90.0
2168,ID,CDBN_239,92.0
2169,ID,CDBN_159,90.0
2170,ID,CDBN_299,90.0
2171,ID,CDBN_247,81.0
2172,ID,CDBN_249,81.0
2173,ID,CDBN_278,86.0
2174,ID,CDBN_089,85.0
2175,ID,CDBN_024,84.0
2176,ID,CDBN_268,87.0
2177,ID,CDBN_036,90.0
2178,ID,CDBN_037,92.0
2179,ID,CDBN_048,87.0
2180,ID,CDBN_271,94.0
2181,ID,CDBN_193,91.0
2182,ID,CDBN_128,80.0
2183,ID,CDBN_303,90.0
2184,ID,CDBN_199,85.0
2185,ID,CDBN_232,90.0
2186,ID,CDBN_203,87.0
2187,ID,CDBN_098,91.0
2188,ID,CDBN_165,84.0
2189,ID,CDBN_307,88.0
2190,ID,CDBN_138,90.0
2191,ID,CDBN_318,87.0
2192,ID,CDBN_115,94.0
2193,ID,CDBN_275,93.0
2194,ID,CDBN_300,90.0
2195,ID,CDBN_123,94.0
2196,ID,CDBN_259,95.0
2197,ID,CDBN_039,92.0
2198,ID,CDBN_284,89.0
2199,ID,CDBN_196,91.0
2200,ID,CDBN_238,92.0
2201,ID,CDBN_285,95.0
2202,ID,CDBN_324,90.0
2203,ID,CDBN_166,94.0
2204,ID,CDBN_290,92.0
2205,ID,CDBN_053,90.0
2206,ID,CDBN_065,91.0
2207,ID,CDBN_317,89.0
2208,ID,CDBN_084,90.0
2209,ID,CDBN_226,91.0
2210,ID,CDBN_087,92.0
2211,ID,CDBN_273,93.0
2212,ID,CDBN_002,111.0
2213,ID,CDBN_009,89.0
2214,ID,CDBN_154,90.0
2215,ID,CDBN_241,88.0
2216,ID,CDBN_298,88.0
2217,ID,CDBN_267,88.0
2218,ID,CDBN_038,89.0
2219,ID,CDBN_040,86.0
2220,ID,CDBN_043,90.0
2221,ID,CDBN_093,93.0
2222,ID,CDBN_179,86.0
2223,ID,CDBN_201,87.0
2224,ID,CDBN_086,85.0
2225,ID,CDBN_088,91.0
2226,ID,CDBN_155,96.0
2227,ID,CDBN_296,94.0
2228,ID,CDBN_321,99.0
2229,ID,CDBN_248,96.0
2230,ID,CDBN_301,100.0
2231,ID,CDBN_257,92.0
2232,ID,CDBN_146,96.0
2233,ID,CDBN_265,87.0
2234,ID,CDBN_042,95.0
2235,ID,CDBN_306,89.0
2236,ID,CDBN_312,89.0
2237,ID,CDBN_314,94.0
2238,ID,CDBN_316,95.0
2239,ID,CDBN_144,97.0
2240,ID,CDBN_170,91.0
2241,ID,CDBN_288,91.0
2242,ID,CDBN_097,97.0
2243,ID,CDBN_030,93.0
2244,ID,CDBN_031,88.0
2245,ID,CDBN_032,93.0
2246,ID,CDBN_033,97.0
2247,ID,CDBN_034,95.0
2248,ID,CDBN_192,95.0
2249,ID,CDBN_041,84.0
2250,ID,CDBN_076,86.0
2251,ID,CDBN_077,98.0
2252,ID,CDBN_207,96.0
2253,ID,CDBN_186,87.0
2254,ID,CDBN_006,82.0
2255,ID,CDBN_187,86.0
2256,ID,CDBN_008,85.0
2257,ID,CDBN_007,92.0
2258,ID,CDBN_147,89.0
2259,ID,CDBN_023,92.0
2260,ID,CDBN_124,91.0
2261,ID,CDBN_073,91.0
2262,ID,CDBN_075,91.0
2263,ID,CDBN_175,90.0
2264,ID,CDBN_274,86.0
2265,ID,CDBN_003,90.0
2266,ID,CDBN_005,97.0
2267,ID,CDBN_004,92.0
2268,ID,CDBN_279,91.0
2269,ID,CDBN_022,90.0
2270,ID,CDBN_322,95.0
2271,ID,CDBN_047,92.0
2272,ID,CDBN_311,93.0
2273,ID,CDBN_001,100.0
2274,ID,CDBN_294,95.0
2275,ID,CDBN_050,96.0
2276,ID,CDBN_297,89.0
2277,ID,CDBN_182,91.0
2278,ID,CDBN_287,93.0
2279,ID,CDBN_289,100.0
2280,ID,CDBN_045,90.0
2281,ID,CDBN_072,91.0
2282,ID,CDBN_134,96.0
2283,ID,CDBN_291,101.0
2284,ID,CDBN_246,94.0
2285,ID,CDBN_286,88.0
2286,ID,CDBN_074,88.0
2287,ID,CDBN_080,91.0
2288,ID,CDBN_090,87.0
2289,ID,CDBN_081,84.0
2290,ID,CDBN_309,87.0
2291,ID,CDBN_313,84.0
2292,ID,CDBN_315,89.0
2293,ID,CDBN_136,91.0
2294,ID,CDBN_323,89.0
2295,ID,CDBN_188,90.0
2296,ID,CDBN_180,98.0
2297,ID,CDBN_153,81.0
2298,ID,CDBN_308,98.0
2299,ID,CDBN_319,79.0
2300,ID,CDBN_025,80.0
2301,ID,CDBN_280,82.0
2302,ID,CDBN_049,86.0
2303,ID,CDBN_100,86.0
2304,ID,CDBN_120,91.0
2305,ID,CDBN_276,89.0
2306,ID,CDBN_281,93.0
2307,ID,CDBN_157,93.0
2308,ID,CDBN_133,87.0
2309,ID,CDBN_112,86.0
2310,ID,CDBN_220,91.0
2311,ID,CDBN_099,82.0
2312,ID,CDBN_101,84.0
2313,ID,CDBN_102,86.0
2314,ID,CDBN_110,85.0
2315,ID,CDBN_111,82.0
2316,ID,CDBN_282,86.0
2317,ID,CDBN_283,86.0
2318,ID,CDBN_057,84.0
2319,ID,CDBN_221,85.0
2320,ID,CDBN_229,92.0
2321,ID,CDBN_145,97.0
2322,ID,CDBN_103,83.0
2323,ID,CDBN_104,84.0
2324,ID,CDBN_106,96.0
2325,ID,CDBN_107,93.0
2326,ID,CDBN_177,90.0
2327,ID,CDBN_108,95.0
2328,ID,CDBN_109,82.0
2329,ID,CDBN_156,95.0
2330,ID,CDBN_194,97.0
2331,ID,CDBN_130,82.0
2332,ID,CDBN_113,97.0
2333,ID,CDBN_132,83.0
2334,ID,CDBN_162,95.0
2335,ID,CDBN_292,92.0
2336,ID,CDBN_105,95.0
2337,ID,CDBN_169,95.0
2338,ID,CDBN_231,95.0
2339,ID,CDBN_137,99.0
2340,ID,CDBN_150,95.0
2341,ID,CDBN_258,93.0
2342,ID,CDBN_264,96.0
2343,ID,CDBN_266,92.0
2344,ID,CDBN_152,95.0
2345,ID,CDBN_230,93.0
2346,ID,CDBN_209,94.0
2347,ID,CDBN_135,95.0
2348,ID,CDBN_222,94.0
2349,ID,CDBN_148,101.0
2350,ID,CDBN_227,95.0
2351,ID,CDBN_149,93.0
2352,ID,CDBN_117,93.0
2353,ID,CDBN_118,92.0
2354,ID,CDBN_260,91.0
2355,ID,CDBN_131,96.0
2356,ID,CDBN_151,97.0
2357,ID,CDBN_176,93.0
2358,ID,CDBN_122,88.2323076923077
2359,ID,CDBN_191,87.7746153846154
2360,ID,CDBN_114,93.0
2361,ID,CDBN_233,90.0
2362,NY,CDBN_054,87.0
2363,NY,CDBN_171,85.0
2364,NY,CDBN_185,93.0
2365,NY,CDBN_067,99.0
2366,NY,CDBN_062,99.0
2367,NY,CDBN_068,96.0
2368,NY,CDBN_172,96.0
2369,NY,CDBN_173,84.0
2370,NY,CDBN_160,88.0
2371,NY,CDBN_063,100.0
2372,NY,CDBN_095,78.0
2373,NY,CDBN_069,86.0
2374,NY,CDBN_070,86.0
2375,NY,CDBN_236,96.0
2376,NY,CDBN_161,97.0
2377,NY,CDBN_059,92.0
2378,NY,CDBN_071,90.0
2379,NY,CDBN_310,100.0
2380,NY,CDBN_060,88.0
2381,NY,CDBN_235,83.0
2382,NY,CDBN_218,91.0
2383,NY,CDBN_343,92.0
2384,NY,CDBN_061,95.0
2385,NY,CDBN_052,102.0
2386,NY,CDBN_064,92.0
2387,NY,CDBN_262,86.0
2388,NY,CDBN_083,82.0
2389,NY,CDBN_143,85.0
2390,NY,CDBN_253,78.0
2391,NY,CDBN_237,77.0
2392,NY,CDBN_058,77.0
2393,NY,CDBN_217,79.0
2394,NY,CDBN_167,88.0
2395,NY,CDBN_261,76.0
2396,NY,CDBN_243,81.0
2397,NY,CDBN_295,93.0
2398,NY,CDBN_066,90.0
2399,NY,CDBN_269,101.0
2400,NY,CDBN_055,89.0
2401,NY,CDBN_195,94.0
2402,NY,CDBN_305,79.0
2403,NY,CDBN_174,91.0
2404,NY,CDBN_214,83.0
2405,NY,CDBN_141,82.0
2406,NY,CDBN_142,86.0
2407,NY,CDBN_255,90.0
2408,NY,CDBN_270,82.0
2409,NY,CDBN_197,88.0
2410,NY,CDBN_210,87.0
2411,NY,CDBN_085,88.0
2412,NY,CDBN_228,93.0
2413,NY,CDBN_184,81.0
2414,NY,CDBN_254,83.0
2415,NY,CDBN_215,91.0
2416,NY,CDBN_168,90.0
2417,NY,CDBN_163,90.0
2418,NY,CDBN_096,83.0
2419,NY,CDBN_056,88.0
2420,NY,CDBN_272,87.0
2421,NY,CDBN_198,84.0
2422,NY,CDBN_200,90.0
2423,NY,CDBN_189,81.0
2424,NY,CDBN_206,83.0
2425,NY,CDBN_211,92.0
2426,NY,CDBN_216,83.0
2427,NY,CDBN_091,82.3333333333333
2428,NY,CDBN_244,90.6666666666667
2429,NY,CDBN_035,85.0
2430,NY,CDBN_178,87.0
2431,NY,CDBN_139,79.3333333333333
2432,NY,CDBN_353,83.0
2433,NY,CDBN_320,89.0
2434,NY,CDBN_252,82.0
2435,NY,CDBN_304,79.0
2436,NY,CDBN_204,89.0
2437,NY,CDBN_212,88.0
2438,NY,CDBN_213,84.0
2439,NY,CDBN_225,86.0
2440,NY,CDBN_092,80.0
2441,NY,CDBN_181,74.0
2442,NY,CDBN_183,76.0
2443,NY,CDBN_019,81.0
2444,NY,CDBN_020,71.0
2445,NY,CDBN_302,76.0
2446,NY,CDBN_078,77.0
2447,NY,CDBN_165,75.0
2448,NY,CDBN_158,76.0
2449,NY,CDBN_094,96.0
2450,NY,CDBN_082,76.0
2451,NY,CDBN_223,82.0
2452,NY,CDBN_245,97.0
2453,NY,CDBN_324,89.6666666666667
2454,NY,CDBN_224,86.3333333333333
2455,NY,CDBN_087,103.0
2456,NY,CDBN_275,83.0
2457,NY,CDBN_170,84.0
2458,NY,CDBN_121,95.0
2459,NY,CDBN_026,91.0
2460,NY,CDBN_196,78.0
2461,NY,CDBN_208,92.0
2462,NY,CDBN_234,98.0
2463,NY,CDBN_316,96.0
2464,NY,CDBN_084,83.0
2465,NY,CDBN_011,77.3333333333333
2466,NY,CDBN_016,71.6666666666667
2467,NY,CDBN_089,73.0
2468,NY,CDBN_123,81.0
2469,NY,CDBN_263,71.6666666666667
2470,NY,CDBN_126,77.0
2471,NY,CDBN_127,76.0
2472,NY,CDBN_028,75.6666666666667
2473,NY,CDBN_129,76.6666666666667
2474,NY,CDBN_079,80.6666666666667
2475,NY,CDBN_010,82.6666666666667
2476,NY,CDBN_012,74.3333333333333
2477,NY,CDBN_015,83.6666666666667
2478,NY,CDBN_277,87.3333333333333
2479,NY,CDBN_116,87.0
2480,NY,CDBN_298,76.6666666666667
2481,NY,CDBN_299,81.6666666666667
2482,NY,CDBN_249,75.0
2483,NY,CDBN_250,71.6666666666667
2484,NY,CDBN_251,75.3333333333333
2485,NY,CDBN_017,78.0
2486,NY,CDBN_021,86.0
2487,NY,CDBN_125,94.0
2488,NY,CDBN_027,85.3333333333333
2489,NY,CDBN_164,90.0
2490,NY,CDBN_044,86.0
2491,NY,CDBN_046,84.6666666666667
2492,NY,CDBN_285,88.0
2493,NY,CDBN_219,75.0
2494,NY,CDBN_311,74.3333333333333
2495,NY,CDBN_053,75.3333333333333
2496,NY,CDBN_065,80.3333333333333
2497,NY,CDBN_314,72.6666666666667
2498,NY,CDBN_317,75.0
2499,NY,CDBN_013,93.0
2500,NY,CDBN_014,89.0
2501,NY,CDBN_051,104.0
2502,NY,CDBN_293,105.0
2503,NY,CDBN_242,96.0
2504,NY,CDBN_239,111.0
2505,NY,CDBN_159,105.0
2506,NY,CDBN_247,88.0
2507,NY,CDBN_278,106.0
2508,NY,CDBN_024,92.0
2509,NY,CDBN_268,100.0
2510,NY,CDBN_036,113.0
2511,NY,CDBN_037,114.0
2512,NY,CDBN_048,106.0
2513,NY,CDBN_271,107.0
2514,NY,CDBN_193,97.0
2515,NY,CDBN_128,84.0
2516,NY,CDBN_303,111.0
2517,NY,CDBN_199,93.0
2518,NY,CDBN_232,107.0
2519,NY,CDBN_203,106.0
2520,NY,CDBN_098,106.0
2521,NY,CDBN_307,107.0
2522,NY,CDBN_138,113.0
2523,NY,CDBN_318,95.0
2524,NY,CDBN_039,105.0
2525,NY,CDBN_284,100.0
2526,NY,CDBN_238,118.0
2527,NY,CDBN_273,109.0
2528,NY,CDBN_155,99.0
2529,NY,CDBN_296,99.0
2530,NY,CDBN_321,104.0
2531,NY,CDBN_248,93.0
2532,NY,CDBN_301,103.0
2533,NY,CDBN_257,93.0
2534,NY,CDBN_146,106.0
2535,NY,CDBN_265,99.0
2536,NY,CDBN_267,104.0
2537,NY,CDBN_038,94.0
2538,NY,CDBN_040,93.0
2539,NY,CDBN_042,104.0
2540,NY,CDBN_093,97.0
2541,NY,CDBN_179,105.0
2542,NY,CDBN_201,102.0
2543,NY,CDBN_306,104.0
2544,NY,CDBN_166,99.0
2545,NY,CDBN_312,100.0
2546,NY,CDBN_226,106.0
2547,NY,CDBN_144,103.0
2548,NY,CDBN_300,74.0
2549,NY,CDBN_288,83.0
2550,NY,CDBN_097,80.0
2551,NY,CDBN_030,82.0
2552,NY,CDBN_031,92.0
2553,NY,CDBN_032,79.0
2554,NY,CDBN_033,85.0
2555,NY,CDBN_034,76.0
2556,NY,CDBN_192,74.0
2557,NY,CDBN_041,84.0
2558,NY,CDBN_043,82.0
2559,NY,CDBN_076,79.0
2560,NY,CDBN_077,85.0
2561,NY,CDBN_207,80.0
2562,NY,CDBN_186,83.0
2563,NY,CDBN_006,72.0
2564,NY,CDBN_187,72.0
2565,NY,CDBN_008,79.0
2566,NY,CDBN_007,93.0
2567,NY,CDBN_147,83.0
2568,NY,CDBN_023,95.0
2569,NY,CDBN_124,94.0
2570,NY,CDBN_073,94.0
2571,NY,CDBN_075,92.0
2572,NY,CDBN_175,75.0
2573,NY,CDBN_274,92.0
2574,NY,CDBN_003,89.0
2575,NY,CDBN_005,97.0
2576,NY,CDBN_004,87.0
2577,NY,CDBN_279,85.0
2578,NY,CDBN_022,87.0
2579,NY,CDBN_322,92.0
2580,NY,CDBN_047,94.0
2581,NY,CDBN_001,111.0
2582,NY,CDBN_294,101.0
2583,NY,CDBN_050,108.0
2584,NY,CDBN_297,92.0
2585,NY,CDBN_182,100.0
2586,NY,CDBN_287,97.0
2587,NY,CDBN_289,110.0
2588,NY,CDBN_045,92.0
2589,NY,CDBN_072,96.0
2590,NY,CDBN_134,106.0
2591,NY,CDBN_291,112.0
2592,NY,CDBN_286,96.0
2593,NY,CDBN_074,91.0
2594,NY,CDBN_090,89.0
2595,NY,CDBN_081,80.0
2596,NY,CDBN_309,91.0
2597,NY,CDBN_313,80.0
2598,NY,CDBN_315,88.0
2599,MT,CDBN_295,113.0
2600,MT,CDBN_168,116.0
2601,MT,CDBN_163,120.0
2602,MT,CDBN_254,120.0
2603,MT,CDBN_096,109.0
2604,MT,CDBN_270,113.0
2605,MT,CDBN_056,116.0
2606,MT,CDBN_272,116.0
2607,MT,CDBN_195,113.0
2608,MT,CDBN_197,109.0
2609,MT,CDBN_305,106.0
2610,MT,CDBN_198,109.0
2611,MT,CDBN_200,113.0
2612,MT,CDBN_189,113.0
2613,MT,CDBN_095,106.0
2614,MT,CDBN_206,106.0
2615,MT,CDBN_210,109.0
2616,MT,CDBN_211,113.0
2617,MT,CDBN_215,120.0
2618,MT,CDBN_216,109.0
2619,MT,CDBN_217,113.0
2620,MT,CDBN_228,109.0
2621,MT,CDBN_092,126.0
2622,MT,CDBN_320,123.0
2623,MT,CDBN_181,115.0
2624,MT,CDBN_183,115.0
2625,MT,CDBN_019,129.0
2626,MT,CDBN_020,123.0
2627,MT,CDBN_252,115.0
2628,MT,CDBN_302,115.0
2629,MT,CDBN_035,123.0
2630,MT,CDBN_078,126.0
2631,MT,CDBN_165,123.0
2632,MT,CDBN_212,115.0
2633,MT,CDBN_178,115.0
2634,MT,CDBN_213,115.0
2635,MT,CDBN_158,126.0
2636,MT,CDBN_094,129.0
2637,MT,CDBN_082,123.0
2638,MT,CDBN_223,129.0
2639,MT,CDBN_225,115.0
2640,MT,CDBN_245,144.0
2641,MT,CDBN_171,131.0
2642,MT,CDBN_255,137.0
2643,MT,CDBN_304,131.0
2644,MT,CDBN_324,144.0
2645,MT,CDBN_204,144.0
2646,MT,CDBN_310,137.0
2647,MT,CDBN_224,131.0
2648,MT,CDBN_087,150.0
2649,MT,CDBN_003,93.0
2650,MT,CDBN_005,93.0
2651,MT,CDBN_294,93.0
2652,MT,CDBN_050,93.0
2653,MT,CDBN_297,93.0
2654,MT,CDBN_182,93.0
2655,MT,CDBN_286,93.0
2656,MT,CDBN_287,93.0
2657,MT,CDBN_288,93.0
2658,MT,CDBN_146,93.0
2659,MT,CDBN_097,93.0
2660,MT,CDBN_322,87.0
2661,MT,CDBN_289,93.0
2662,MT,CDBN_045,93.0
2663,MT,CDBN_047,93.0
2664,MT,CDBN_072,93.0
2665,MT,CDBN_074,93.0
2666,MT,CDBN_238,93.0
2667,MT,CDBN_285,93.0
2668,MT,CDBN_306,93.0
2669,MT,CDBN_080,93.0
2670,MT,CDBN_090,93.0
2671,MT,CDBN_134,93.0
2672,MT,CDBN_081,87.0
2673,MT,CDBN_309,93.0
2674,MT,CDBN_311,93.0
2675,MT,CDBN_313,87.0
2676,MT,CDBN_314,87.0
2677,MT,CDBN_315,93.0
2678,MT,CDBN_274,87.0
2679,MT,CDBN_099,85.0
2680,MT,CDBN_101,102.0
2681,MT,CDBN_102,118.0
2682,MT,CDBN_298,98.0
2683,MT,CDBN_323,114.0
2684,MT,CDBN_110,102.0
2685,MT,CDBN_111,102.0
2686,MT,CDBN_282,114.0
2687,MT,CDBN_283,114.0
2688,MT,CDBN_284,108.0
2689,MT,CDBN_057,107.0
2690,MT,CDBN_112,104.0
2691,MT,CDBN_153,114.0
2692,MT,CDBN_221,102.0
2693,MT,CDBN_049,100.0
2694,MT,CDBN_229,138.0
2695,MT,CDBN_145,140.0
2696,MT,CDBN_103,129.0
2697,MT,CDBN_104,129.0
2698,MT,CDBN_106,145.0
2699,MT,CDBN_107,134.0
2700,MT,CDBN_177,133.0
2701,MT,CDBN_108,132.0
2702,MT,CDBN_109,128.0
2703,MT,CDBN_280,144.0
2704,MT,CDBN_156,143.0
2705,MT,CDBN_194,149.0
2706,MT,CDBN_130,129.0
2707,MT,CDBN_113,143.0
2708,MT,CDBN_132,131.0
2709,MT,CDBN_162,146.0
2710,MT,CDBN_292,148.0
2711,MT,CDBN_169,106.0
2712,MT,CDBN_231,108.0
2713,MT,CDBN_150,115.0
2714,MT,CDBN_258,107.0
2715,MT,CDBN_264,114.0
2716,MT,CDBN_266,114.0
2717,MT,CDBN_152,122.0
2718,MT,CDBN_230,103.0
2719,MT,CDBN_276,117.0
2720,MT,CDBN_209,114.0
2721,MT,CDBN_135,120.0
2722,MT,CDBN_222,116.0
2723,MT,CDBN_317,99.0
2724,MT,CDBN_148,122.0
2725,MT,CDBN_227,114.0
2726,MT,CDBN_149,107.0
2727,MT,CDBN_117,100.0
2728,MT,CDBN_118,100.0
2729,MT,CDBN_122,98.0
2730,MT,CDBN_260,95.0
2731,MT,CDBN_202,92.0
2732,MT,CDBN_131,92.0
2733,MT,CDBN_137,92.0
2734,MT,CDBN_151,97.0
2735,MT,CDBN_176,115.0
2736,MT,CDBN_191,115.0
2737,MT,CDBN_114,115.0
2738,MT,CDBN_233,115.0
2739,CA,CDBN_091,92.0
2740,CA,CDBN_320,94.0
2741,CA,CDBN_244,95.0
2742,CA,CDBN_171,79.0
2743,CA,CDBN_163,89.0
2744,CA,CDBN_252,93.0
2745,CA,CDBN_035,96.0
2746,CA,CDBN_056,99.0
2747,CA,CDBN_304,94.0
2748,CA,CDBN_305,93.0
2749,CA,CDBN_198,96.0
2750,CA,CDBN_204,97.0
2751,CA,CDBN_095,89.0
2752,CA,CDBN_212,94.0
2753,CA,CDBN_178,97.0
2754,CA,CDBN_213,95.0
2755,CA,CDBN_225,91.0
2756,CA,CDBN_011,83.0
2757,CA,CDBN_016,80.0
2758,CA,CDBN_168,76.0
2759,CA,CDBN_019,95.0
2760,CA,CDBN_052,88.0
2761,CA,CDBN_089,86.0
2762,CA,CDBN_123,80.0
2763,CA,CDBN_263,77.0
2764,CA,CDBN_126,81.0
2765,CA,CDBN_127,83.0
2766,CA,CDBN_028,85.0
2767,CA,CDBN_129,88.0
2768,CA,CDBN_196,73.0
2769,CA,CDBN_079,84.0
2770,CA,CDBN_310,95.0
2771,CA,CDBN_218,79.0
2772,CA,CDBN_094,85.0
2773,CA,CDBN_084,71.0
2774,CA,CDBN_224,80.0
2775,CA,CDBN_010,77.0
2776,CA,CDBN_012,72.0
2777,CA,CDBN_015,79.0
2778,CA,CDBN_277,84.0
2779,CA,CDBN_116,81.5
2780,CA,CDBN_298,75.5
2781,CA,CDBN_299,72.0
2782,CA,CDBN_249,73.5
2783,CA,CDBN_250,73.5
2784,CA,CDBN_251,75.5
2785,CA,CDBN_017,77.0
2786,CA,CDBN_021,84.0
2787,CA,CDBN_026,84.0
2788,CA,CDBN_125,86.0
2789,CA,CDBN_027,75.0
2790,CA,CDBN_164,81.5
2791,CA,CDBN_044,79.0
2792,CA,CDBN_046,75.0
2793,CA,CDBN_285,79.5
2794,CA,CDBN_219,78.0
2795,CA,CDBN_311,79.5
2796,CA,CDBN_053,73.5
2797,CA,CDBN_065,77.0
2798,CA,CDBN_314,73.5
2799,CA,CDBN_317,73.5
2800,CA,CDBN_013,87.0
2801,CA,CDBN_014,87.0
2802,CA,CDBN_051,90.0
2803,CA,CDBN_293,86.0
2804,CA,CDBN_242,95.0
2805,CA,CDBN_239,88.0
2806,CA,CDBN_159,95.0
2807,CA,CDBN_247,87.0
2808,CA,CDBN_278,95.0
2809,CA,CDBN_024,86.0
2810,CA,CDBN_268,89.0
2811,CA,CDBN_036,90.0
2812,CA,CDBN_037,89.0
2813,CA,CDBN_048,87.0
2814,CA,CDBN_271,89.0
2815,CA,CDBN_193,87.0
2816,CA,CDBN_128,86.0
2817,CA,CDBN_303,89.0
2818,CA,CDBN_199,85.0
2819,CA,CDBN_232,87.0
2820,CA,CDBN_203,87.0
2821,CA,CDBN_098,89.0
2822,CA,CDBN_165,89.0
2823,CA,CDBN_307,90.0
2824,CA,CDBN_138,90.0
2825,CA,CDBN_318,89.0
2826,CA,CDBN_280,100.0
2827,CA,CDBN_281,102.0
2828,CA,CDBN_284,79.0
2829,CA,CDBN_157,103.0
2830,CA,CDBN_100,81.0
2831,CA,CDBN_136,83.0
2832,CA,CDBN_120,84.0
2833,CA,CDBN_146,85.0
2834,CA,CDBN_276,83.0
2835,CA,CDBN_180,87.0
2836,CA,CDBN_133,85.0
2837,CA,CDBN_308,88.0
2838,CA,CDBN_309,84.0
2839,CA,CDBN_049,85.0
2840,CA,CDBN_319,81.0
2841,CA,CDBN_050,84.0
2842,CA,CDBN_323,80.0
2843,CA,CDBN_112,79.0
2844,CA,CDBN_090,78.0
2845,CA,CDBN_153,79.0
2846,CA,CDBN_220,80.0
2847,CA,CDBN_274,82.0
2848,CA,CDBN_099,83.0
2849,CA,CDBN_229,87.0
2850,CA,CDBN_294,87.0
2851,CA,CDBN_145,93.0
2852,CA,CDBN_103,87.0
2853,CA,CDBN_104,84.0
2854,CA,CDBN_106,88.0
2855,CA,CDBN_107,86.0
2856,CA,CDBN_177,84.0
2857,CA,CDBN_108,78.0
2858,CA,CDBN_109,83.0
2859,CA,CDBN_110,87.0
2860,CA,CDBN_111,79.0
2861,CA,CDBN_156,83.0
2862,CA,CDBN_282,82.0
2863,CA,CDBN_194,95.0
2864,CA,CDBN_130,87.0
2865,CA,CDBN_113,86.0
2866,CA,CDBN_132,84.0
2867,CA,CDBN_162,82.0
2868,CA,CDBN_221,85.0
2869,CA,CDBN_292,87.0
2870,CA,CDBN_117,97.0
2871,CA,CDBN_118,75.0
2872,CA,CDBN_122,84.0
2873,CA,CDBN_258,76.0
2874,CA,CDBN_260,76.0
2875,CA,CDBN_264,76.0
2876,CA,CDBN_266,76.0
2877,CA,CDBN_169,79.0
2878,CA,CDBN_152,80.0
2879,CA,CDBN_230,74.0
2880,CA,CDBN_238,90.0
2881,CA,CDBN_131,87.0
2882,CA,CDBN_209,79.0
2883,CA,CDBN_137,80.0
2884,CA,CDBN_222,75.0
2885,CA,CDBN_148,75.0
2886,CA,CDBN_227,77.0
2887,CA,CDBN_151,83.0
2888,SK,CDBN_320,89.0
2889,SK,CDBN_275,92.0
2890,SK,CDBN_019,97.0
2891,SK,CDBN_170,89.0
2892,SK,CDBN_121,89.0
2893,SK,CDBN_302,84.0
2894,SK,CDBN_026,87.0
2895,SK,CDBN_196,83.0
2896,SK,CDBN_198,94.0
2897,SK,CDBN_095,85.0
2898,SK,CDBN_208,95.0
2899,SK,CDBN_178,87.0
2900,SK,CDBN_234,92.0
2901,SK,CDBN_235,85.0
2902,SK,CDBN_218,86.0
2903,SK,CDBN_316,85.0
2904,SK,CDBN_084,89.0
2905,SK,CDBN_224,85.0
2906,SK,CDBN_002,72.0
2907,SK,CDBN_009,79.0
2908,SK,CDBN_154,73.0
2909,SK,CDBN_241,77.0
2910,SK,CDBN_298,82.0
2911,SK,CDBN_168,78.0
2912,SK,CDBN_171,76.0
2913,SK,CDBN_300,83.0
2914,SK,CDBN_123,86.0
2915,SK,CDBN_259,90.0
2916,SK,CDBN_267,84.0
2917,SK,CDBN_038,86.0
2918,SK,CDBN_039,85.0
2919,SK,CDBN_040,80.0
2920,SK,CDBN_043,86.0
2921,SK,CDBN_093,86.0
2922,SK,CDBN_284,74.0
2923,SK,CDBN_179,80.0
2924,SK,CDBN_285,86.0
2925,SK,CDBN_324,75.0
2926,SK,CDBN_201,83.0
2927,SK,CDBN_098,73.0
2928,SK,CDBN_166,90.0
2929,SK,CDBN_290,76.0
2930,SK,CDBN_053,73.0
2931,SK,CDBN_065,87.0
2932,SK,CDBN_317,72.0
2933,SK,CDBN_086,74.0
2934,SK,CDBN_226,82.0
2935,SK,CDBN_088,87.0
2936,SK,CDBN_273,86.0
2937,SK,CDBN_155,95.0
2938,SK,CDBN_296,95.0
2939,SK,CDBN_321,97.0
2940,SK,CDBN_248,90.0
2941,SK,CDBN_301,98.0
2942,SK,CDBN_257,92.0
2943,SK,CDBN_146,96.0
2944,SK,CDBN_265,94.0
2945,SK,CDBN_042,98.0
2946,SK,CDBN_238,98.0
2947,SK,CDBN_306,95.0
2948,SK,CDBN_312,92.0
2949,SK,CDBN_314,100.0
2950,SK,CDBN_144,98.0
2951,SK,CDBN_136,105.0
2952,SK,CDBN_050,111.0
2953,SK,CDBN_246,113.0
2954,SK,CDBN_286,97.0
2955,SK,CDBN_287,106.0
2956,SK,CDBN_097,110.0
2957,SK,CDBN_289,115.0
2958,SK,CDBN_323,116.0
2959,SK,CDBN_188,112.0
2960,SK,CDBN_180,113.0
2961,SK,CDBN_090,115.0
2962,SK,CDBN_153,108.0
2963,SK,CDBN_134,111.0
2964,SK,CDBN_308,109.0
2965,SK,CDBN_309,108.0
2966,SK,CDBN_311,106.0
2967,SK,CDBN_313,105.0
2968,SK,CDBN_315,104.0
2969,SK,CDBN_274,107.0
2970,SK,CDBN_319,106.0
2971,SK,CDBN_025,111.0
2972,SK,CDBN_280,119.0
2973,SK,CDBN_049,111.0
2974,SK,CDBN_100,119.0
2975,SK,CDBN_120,119.0
2976,SK,CDBN_276,122.0
2977,SK,CDBN_133,110.0
2978,SK,CDBN_281,130.0
2979,SK,CDBN_112,119.0
2980,SK,CDBN_220,129.0
2981,AB,CDBN_010,94.6
2982,AB,CDBN_011,93.14
2983,AB,CDBN_012,88.78
2984,AB,CDBN_015,93.96
2985,AB,CDBN_016,90.08
2986,AB,CDBN_277,94.56
2987,AB,CDBN_116,93.89
2988,AB,CDBN_298,94.68
2989,AB,CDBN_299,93.44
2990,AB,CDBN_249,90.52
2991,AB,CDBN_250,87.67
2992,AB,CDBN_251,88.19
2993,AB,CDBN_017,93.68
2994,AB,CDBN_019,91.01
2995,AB,CDBN_021,94.63
2996,AB,CDBN_089,89.54
2997,AB,CDBN_026,92.9
2998,AB,CDBN_263,93.28
2999,AB,CDBN_125,95.65
3000,AB,CDBN_126,93.61
3001,AB,CDBN_127,91.63
3002,AB,CDBN_027,95.18
3003,AB,CDBN_028,93.59
3004,AB,CDBN_164,95.87
3005,AB,CDBN_035,94.9
3006,AB,CDBN_044,94.65
3007,AB,CDBN_046,94.43
3008,AB,CDBN_304,92.1
3009,AB,CDBN_285,90.94
3010,AB,CDBN_079,92.55
3011,AB,CDBN_095,89.95
3012,AB,CDBN_219,93.25
3013,AB,CDBN_311,93.35
3014,AB,CDBN_053,89.13
3015,AB,CDBN_065,91.88
3016,AB,CDBN_314,94.93
3017,AB,CDBN_317,93.44
3018,AB,CDBN_013,119.0
3019,AB,CDBN_014,115.0
3020,AB,CDBN_051,123.0
3021,AB,CDBN_293,119.0
3022,AB,CDBN_242,120.0
3023,AB,CDBN_239,122.0
3024,AB,CDBN_159,117.0
3025,AB,CDBN_247,112.0
3026,AB,CDBN_278,118.0
3027,AB,CDBN_024,117.0
3028,AB,CDBN_268,117.0
3029,AB,CDBN_036,123.0
3030,AB,CDBN_037,122.0
3031,AB,CDBN_048,122.0
3032,AB,CDBN_271,124.0
3033,AB,CDBN_193,118.0
3034,AB,CDBN_128,110.0
3035,AB,CDBN_303,118.0
3036,AB,CDBN_199,117.0
3037,AB,CDBN_232,126.0
3038,AB,CDBN_203,121.0
3039,AB,CDBN_098,119.0
3040,AB,CDBN_165,116.0
3041,AB,CDBN_307,122.0
3042,AB,CDBN_138,120.0
3043,AB,CDBN_318,117.0
3044,AB,CDBN_300,121.0
3045,AB,CDBN_039,115.0
3046,AB,CDBN_238,123.0
3047,AB,CDBN_324,117.0
3048,AB,CDBN_290,120.0
3049,AB,CDBN_273,120.0
3050,AB,CDBN_274,115.0
3051,AB,CDBN_002,121.0
3052,AB,CDBN_115,119.0
3053,AB,CDBN_168,124.0
3054,AB,CDBN_275,112.0
3055,AB,CDBN_171,116.0
3056,AB,CDBN_123,123.0
3057,AB,CDBN_259,120.0
3058,AB,CDBN_284,122.0
3059,AB,CDBN_196,105.0
3060,AB,CDBN_166,125.0
3061,AB,CDBN_084,110.0
3062,AB,CDBN_226,122.0
3063,AB,CDBN_087,124.0
3064,AB,CDBN_009,111.0
3065,AB,CDBN_154,108.0
3066,AB,CDBN_241,105.0
3067,AB,CDBN_267,110.0
3068,AB,CDBN_038,107.0
3069,AB,CDBN_040,118.0
3070,AB,CDBN_043,109.0
3071,AB,CDBN_093,117.0
3072,AB,CDBN_179,111.0
3073,AB,CDBN_201,111.0
3074,AB,CDBN_086,100.0
3075,AB,CDBN_088,117.0
3076,AB,CDBN_155,104.0
3077,AB,CDBN_296,104.0
3078,AB,CDBN_321,109.0
3079,AB,CDBN_248,105.0
3080,AB,CDBN_301,108.0
3081,AB,CDBN_257,105.0
3082,AB,CDBN_146,109.0
3083,AB,CDBN_265,103.0
3084,AB,CDBN_042,110.0
3085,AB,CDBN_306,106.0
3086,AB,CDBN_312,102.0
3087,AB,CDBN_316,107.0
3088,AB,CDBN_144,111.0
3089,AB,CDBN_170,115.0
3090,AB,CDBN_288,108.0
3091,AB,CDBN_097,115.0
3092,AB,CDBN_030,115.0
3093,AB,CDBN_031,113.0
3094,AB,CDBN_032,115.0
3095,AB,CDBN_033,115.0
3096,AB,CDBN_034,107.0
3097,AB,CDBN_192,111.0
3098,AB,CDBN_041,107.0
3099,AB,CDBN_076,107.0
3100,AB,CDBN_077,115.0
3101,AB,CDBN_207,115.0
3102,AB,CDBN_186,101.0
3103,AB,CDBN_006,95.0
3104,AB,CDBN_187,97.0
3105,AB,CDBN_008,106.0
3106,AB,CDBN_007,111.0
3107,AB,CDBN_147,101.0
3108,AB,CDBN_023,108.0
3109,AB,CDBN_124,103.0
3110,AB,CDBN_073,103.0
3111,AB,CDBN_075,97.0
3112,AB,CDBN_175,100.0
3113,AB,CDBN_003,99.0
3114,AB,CDBN_005,103.0
3115,AB,CDBN_294,102.0
3116,AB,CDBN_050,99.0
3117,AB,CDBN_297,94.0
3118,AB,CDBN_246,106.0
3119,AB,CDBN_182,101.0
3120,AB,CDBN_286,106.0
3121,AB,CDBN_287,101.0
3122,AB,CDBN_322,103.0
3123,AB,CDBN_289,107.0
3124,AB,CDBN_045,97.0
3125,AB,CDBN_047,92.0
3126,AB,CDBN_072,100.0
3127,AB,CDBN_074,101.0
3128,AB,CDBN_080,107.0
3129,AB,CDBN_090,97.0
3130,AB,CDBN_134,100.0
3131,AB,CDBN_081,100.0
3132,AB,CDBN_309,103.0
3133,AB,CDBN_313,94.0
3134,AB,CDBN_315,102.0
3135,AB,CDBN_136,96.0
3136,AB,CDBN_323,89.0
3137,AB,CDBN_188,95.0
3138,AB,CDBN_180,99.0
3139,AB,CDBN_153,88.0
3140,AB,CDBN_308,101.0
3141,AB,CDBN_319,91.0
3142,AB,CDBN_025,127.0
3143,AB,CDBN_280,97.0
3144,AB,CDBN_049,119.0
3145,AB,CDBN_100,114.0
3146,AB,CDBN_120,114.0
3147,AB,CDBN_276,115.0
3148,AB,CDBN_281,116.0
3149,AB,CDBN_133,112.0
3150,AB,CDBN_112,114.0
3151,AB,CDBN_220,137.0
3152,AB,CDBN_099,90.0
3153,AB,CDBN_101,99.0
3154,AB,CDBN_110,121.0
3155,AB,CDBN_111,96.0
3156,AB,CDBN_282,107.0
3157,AB,CDBN_283,105.0
3158,AB,CDBN_221,114.0
3159,AB,CDBN_229,120.0
3160,AB,CDBN_103,108.0
3161,AB,CDBN_104,106.0
3162,AB,CDBN_107,115.0
3163,AB,CDBN_177,104.0
3164,AB,CDBN_108,104.0
3165,AB,CDBN_109,111.0
3166,AB,CDBN_156,116.0
3167,AB,CDBN_130,123.0
3168,AB,CDBN_132,115.0
3169,AB,CDBN_162,121.0
3170,AB,CDBN_292,120.0
3171,AB,CDBN_145,121.0
3172,AB,CDBN_105,119.0
3173,AB,CDBN_169,111.0
3174,AB,CDBN_231,113.0
3175,AB,CDBN_194,112.0
3176,AB,CDBN_113,123.0
3177,AB,CDBN_137,113.0
3178,AB,CDBN_150,112.0
3179,AB,CDBN_258,102.0
3180,AB,CDBN_264,100.0
3181,AB,CDBN_266,103.0
3182,AB,CDBN_152,112.0
3183,AB,CDBN_230,102.0
3184,AB,CDBN_209,104.0
3185,AB,CDBN_135,113.0
3186,AB,CDBN_222,103.0
3187,AB,CDBN_148,114.0
3188,AB,CDBN_227,100.0
3189,AB,CDBN_149,103.0
3190,AB,CDBN_117,120.0
3191,AB,CDBN_260,107.0
3192,AB,CDBN_202,109.0
3193,AB,CDBN_118,109.0
3194,AB,CDBN_122,118.0
3195,AB,CDBN_151,113.0
3196,AB,CDBN_191,100.0
3197,AB,CDBN_114,105.0
3198,AB,CDBN_131,102.0
3199,AB,CDBN_233,117.0
3200,MB,CDBN_010,109.0
3201,MB,CDBN_011,109.0
3202,MB,CDBN_012,99.0
3203,MB,CDBN_015,107.0
3204,MB,CDBN_016,106.0
3205,MB,CDBN_277,107.0
3206,MB,CDBN_116,105.0
3207,MB,CDBN_298,103.0
3208,MB,CDBN_299,94.0
3209,MB,CDBN_249,98.0
3210,MB,CDBN_250,93.0
3211,MB,CDBN_251,97.0
3212,MB,CDBN_017,106.0
3213,MB,CDBN_019,107.0
3214,MB,CDBN_021,105.0
3215,MB,CDBN_089,95.0
3216,MB,CDBN_026,108.0
3217,MB,CDBN_263,106.0
3218,MB,CDBN_125,110.0
3219,MB,CDBN_126,104.0
3220,MB,CDBN_127,105.0
3221,MB,CDBN_027,107.0
3222,MB,CDBN_028,98.0
3223,MB,CDBN_164,106.0
3224,MB,CDBN_035,104.0
3225,MB,CDBN_044,107.0
3226,MB,CDBN_046,103.0
3227,MB,CDBN_304,99.0
3228,MB,CDBN_285,106.0
3229,MB,CDBN_079,100.0
3230,MB,CDBN_095,94.0
3231,MB,CDBN_219,108.0
3232,MB,CDBN_311,108.0
3233,MB,CDBN_053,97.0
3234,MB,CDBN_065,109.0
3235,MB,CDBN_314,106.0
3236,MB,CDBN_317,98.0
3237,MB,CDBN_013,105.0
3238,MB,CDBN_014,96.0
3239,MB,CDBN_051,110.0
3240,MB,CDBN_293,102.0
3241,MB,CDBN_242,100.0
3242,MB,CDBN_239,108.0
3243,MB,CDBN_159,106.0
3244,MB,CDBN_247,88.0
3245,MB,CDBN_278,108.0
3246,MB,CDBN_024,101.0
3247,MB,CDBN_268,103.0
3248,MB,CDBN_036,108.0
3249,MB,CDBN_037,106.0
3250,MB,CDBN_048,111.0
3251,MB,CDBN_271,105.0
3252,MB,CDBN_193,102.0
3253,MB,CDBN_128,91.0
3254,MB,CDBN_303,105.0
3255,MB,CDBN_199,93.0
3256,MB,CDBN_232,106.0
3257,MB,CDBN_203,105.0
3258,MB,CDBN_098,102.0
3259,MB,CDBN_165,100.0
3260,MB,CDBN_307,106.0
3261,MB,CDBN_138,104.0
3262,MB,CDBN_318,102.0
3263,MB,CDBN_171,97.0
3264,MB,CDBN_300,97.0
3265,MB,CDBN_039,104.0
3266,MB,CDBN_284,98.0
3267,MB,CDBN_238,113.0
3268,MB,CDBN_324,104.0
3269,MB,CDBN_290,101.0
3270,MB,CDBN_087,108.0
3271,MB,CDBN_273,108.0
3272,MB,CDBN_274,100.0
3273,MB,CDBN_002,109.0
3274,MB,CDBN_115,102.0
3275,MB,CDBN_168,114.0
3276,MB,CDBN_275,107.0
3277,MB,CDBN_123,111.0
3278,MB,CDBN_259,108.0
3279,MB,CDBN_196,95.0
3280,MB,CDBN_166,118.0
3281,MB,CDBN_084,108.0
3282,MB,CDBN_226,113.0
3283,MO,CDBN_051,87.0
3284,MO,CDBN_293,87.0
3285,MO,CDBN_242,83.0
3286,MO,CDBN_239,90.0
3287,MO,CDBN_159,83.0
3288,MO,CDBN_299,77.0
3289,MO,CDBN_171,70.0
3290,MO,CDBN_300,91.0
3291,MO,CDBN_278,80.0
3292,MO,CDBN_024,80.0
3293,MO,CDBN_268,87.0
3294,MO,CDBN_037,89.0
3295,MO,CDBN_039,89.0
3296,MO,CDBN_048,91.0
3297,MO,CDBN_193,75.0
3298,MO,CDBN_128,62.0
3299,MO,CDBN_284,67.0
3300,MO,CDBN_303,91.0
3301,MO,CDBN_304,65.0
3302,MO,CDBN_238,90.0
3303,MO,CDBN_285,87.0
3304,MO,CDBN_324,88.0
3305,MO,CDBN_165,69.0
3306,MO,CDBN_307,83.0
3307,MO,CDBN_290,75.0
3308,MO,CDBN_053,78.0
3309,MO,CDBN_065,84.0
3310,MO,CDBN_317,64.0
3311,MO,CDBN_138,91.0
3312,MO,CDBN_087,92.0
3313,MO,CDBN_273,88.0
3314,MO,CDBN_274,91.0
3315,MO,CDBN_318,77.0
3316,MO,CDBN_155,100.0
3317,MO,CDBN_296,97.0
3318,MO,CDBN_321,100.0
3319,MO,CDBN_275,98.0
3320,MO,CDBN_248,96.0
3321,MO,CDBN_301,102.0
3322,MO,CDBN_257,100.0
3323,MO,CDBN_146,102.0
3324,MO,CDBN_265,98.0
3325,MO,CDBN_267,100.0
3326,MO,CDBN_038,101.0
3327,MO,CDBN_040,96.0
3328,MO,CDBN_042,102.0
3329,MO,CDBN_093,97.0
3330,MO,CDBN_179,98.0
3331,MO,CDBN_201,99.0
3332,MO,CDBN_306,97.0
3333,MO,CDBN_095,93.0
3334,MO,CDBN_166,98.0
3335,MO,CDBN_312,96.0
3336,MO,CDBN_314,98.0
3337,MO,CDBN_316,94.0
3338,MO,CDBN_226,102.0
3339,MO,CDBN_144,98.0
3340,MO,CDBN_170,89.0
3341,MO,CDBN_288,88.0
3342,MO,CDBN_097,87.0
3343,MO,CDBN_030,89.0
3344,MO,CDBN_031,89.0
3345,MO,CDBN_032,88.0
3346,MO,CDBN_033,89.0
3347,MO,CDBN_034,89.0
3348,MO,CDBN_192,83.0
3349,MO,CDBN_041,92.0
3350,MO,CDBN_043,91.0
3351,MO,CDBN_076,82.0
3352,MO,CDBN_077,94.0
3353,MO,CDBN_196,83.0
3354,MO,CDBN_207,85.0
3355,MO,CDBN_001,108.0
3356,MO,CDBN_005,112.0
3357,MO,CDBN_294,106.0
3358,MO,CDBN_050,106.0
3359,MO,CDBN_297,112.0
3360,MO,CDBN_182,90.0
3361,MO,CDBN_287,113.0
3362,MO,CDBN_279,99.0
3363,MO,CDBN_322,104.0
3364,MO,CDBN_289,102.0
3365,MO,CDBN_045,92.0
3366,MO,CDBN_047,90.0
3367,MO,CDBN_072,101.0
3368,MO,CDBN_073,104.0
3369,MO,CDBN_134,102.0
3370,MO,CDBN_311,108.0
3371,MO,CDBN_291,109.0
3372,MO,CDBN_003,79.0
3373,MO,CDBN_246,85.0
3374,MO,CDBN_286,85.0
3375,MO,CDBN_074,87.0
3376,MO,CDBN_080,78.0
3377,MO,CDBN_090,73.0
3378,MO,CDBN_081,76.0
3379,MO,CDBN_309,77.0
3380,MO,CDBN_313,71.0
3381,MO,CDBN_315,81.0
3382,MO,CDBN_136,87.0
3383,MO,CDBN_323,78.0
3384,MO,CDBN_188,84.0
3385,MO,CDBN_180,84.0
3386,MO,CDBN_240,80.0
3387,MO,CDBN_153,80.0
3388,MO,CDBN_308,81.0
3389,MO,CDBN_319,75.0
3390,MO,CDBN_025,73.0
3391,MO,CDBN_280,105.0
3392,MO,CDBN_049,113.0
3393,KS,CDBN_186,84.0
3394,KS,CDBN_006,77.0
3395,KS,CDBN_008,80.0
3396,KS,CDBN_007,91.0
3397,KS,CDBN_147,79.0
3398,KS,CDBN_155,80.0
3399,KS,CDBN_296,79.0
3400,KS,CDBN_171,82.0
3401,KS,CDBN_023,84.0
3402,KS,CDBN_170,84.0
3403,KS,CDBN_300,78.0
3404,KS,CDBN_288,86.0
3405,KS,CDBN_124,86.0
3406,KS,CDBN_146,89.0
3407,KS,CDBN_097,84.0
3408,KS,CDBN_041,90.0
3409,KS,CDBN_073,89.0
3410,KS,CDBN_075,87.0
3411,KS,CDBN_238,86.0
3412,KS,CDBN_324,83.0
3413,KS,CDBN_175,83.0
3414,KS,CDBN_306,78.0
3415,KS,CDBN_095,77.0
3416,KS,CDBN_312,78.0
3417,KS,CDBN_316,80.0
3418,KS,CDBN_273,86.0
3419,KS,CDBN_274,91.0
3420,KS,CDBN_099,119.0
3421,KS,CDBN_101,119.0
3422,KS,CDBN_102,129.0
3423,KS,CDBN_050,129.0
3424,KS,CDBN_298,119.0
3425,KS,CDBN_323,109.0
3426,KS,CDBN_110,119.0
3427,KS,CDBN_111,129.0
3428,KS,CDBN_282,129.0
3429,KS,CDBN_283,129.0
3430,KS,CDBN_284,129.0
3431,KS,CDBN_057,129.0
3432,KS,CDBN_112,129.0
3433,KS,CDBN_090,129.0
3434,KS,CDBN_153,129.0
3435,KS,CDBN_311,109.0
3436,KS,CDBN_221,119.0
3437,KS,CDBN_314,109.0
3438,KS,CDBN_049,129.0
3439,KS,CDBN_229,120.0
3440,KS,CDBN_294,110.0
3441,KS,CDBN_145,120.0
3442,KS,CDBN_103,96.0
3443,KS,CDBN_104,96.0
3444,KS,CDBN_106,120.0
3445,KS,CDBN_107,110.0
3446,KS,CDBN_177,110.0
3447,KS,CDBN_108,96.0
3448,KS,CDBN_109,110.0
3449,KS,CDBN_280,120.0
3450,KS,CDBN_156,120.0
3451,KS,CDBN_194,120.0
3452,KS,CDBN_130,110.0
3453,KS,CDBN_113,120.0
3454,KS,CDBN_132,96.0
3455,KS,CDBN_162,120.0
3456,KS,CDBN_292,120.0
3457,KS,CDBN_105,91.0
3458,KS,CDBN_169,97.0
3459,KS,CDBN_231,97.0
3460,KS,CDBN_276,97.0
3461,KS,CDBN_137,103.0
3462,KS,CDBN_150,97.0
3463,KS,CDBN_117,104.0
3464,KS,CDBN_118,104.0
3465,KS,CDBN_122,104.0
3466,KS,CDBN_258,104.0
3467,KS,CDBN_260,104.0
3468,KS,CDBN_264,104.0
3469,KS,CDBN_266,104.0
3470,KS,CDBN_152,104.0
3471,KS,CDBN_230,98.0
3472,KS,CDBN_202,104.0
3473,KS,CDBN_131,104.0
3474,KS,CDBN_209,104.0
3475,KS,CDBN_222,104.0
3476,KS,CDBN_148,104.0
3477,KS,CDBN_227,104.0
3478,KS,CDBN_151,114.0
3479,TX,CDBN_003,83.0
3480,TX,CDBN_186,85.0
3481,TX,CDBN_005,86.0
3482,TX,CDBN_004,82.0
3483,TX,CDBN_321,90.0
3484,TX,CDBN_023,86.0
3485,TX,CDBN_170,87.0
3486,TX,CDBN_300,82.0
3487,TX,CDBN_279,78.0
3488,TX,CDBN_022,81.0
3489,TX,CDBN_301,86.0
3490,TX,CDBN_257,96.0
3491,TX,CDBN_124,98.0
3492,TX,CDBN_146,99.0
3493,TX,CDBN_322,85.0
3494,TX,CDBN_041,83.0
3495,TX,CDBN_047,82.0
3496,TX,CDBN_073,94.0
3497,TX,CDBN_238,87.0
3498,TX,CDBN_324,87.0
3499,TX,CDBN_306,84.0
3500,TX,CDBN_311,79.0
3501,TX,CDBN_312,86.0
3502,TX,CDBN_314,76.0
3503,TX,CDBN_273,90.0
3504,TX,CDBN_274,102.0
3505,TX,CDBN_136,91.0
3506,TX,CDBN_050,95.0
3507,TX,CDBN_246,90.0
3508,TX,CDBN_171,87.0
3509,TX,CDBN_286,97.0
3510,TX,CDBN_287,89.0
3511,TX,CDBN_097,91.0
3512,TX,CDBN_289,95.0
3513,TX,CDBN_323,88.0
3514,TX,CDBN_188,93.0
3515,TX,CDBN_180,94.0
3516,TX,CDBN_285,96.0
3517,TX,CDBN_240,90.0
3518,TX,CDBN_090,93.0
3519,TX,CDBN_153,95.0
3520,TX,CDBN_134,94.0
3521,TX,CDBN_308,96.0
3522,TX,CDBN_309,91.0
3523,TX,CDBN_313,83.0
3524,TX,CDBN_315,88.0
3525,TX,CDBN_319,88.0
