"","Trait1"
"1",9.63569992873137
"2",9.11895901827101
"3",8.63567882579174
"4",8.76589871861608
"5",10.6491616894332
"6",9.83701257638198
"7",8.64280417368126
"8",10.3823909914989
"9",12.1187637995742
"10",9.0088896198136
"11",8.03349049215461
"12",7.32680472021058
"13",9.50954333219683
"14",7.0756929027703
"15",8.86257850908031
"16",8.91601426492011
"17",8.42270587355398
"18",7.74374335349363
"19",8.60050881107402
"20",7.99807175252698
"21",10.6513550360377
"22",12.6143778317805
"23",7.94005567808748
"24",8.64928143791626
"25",10.0314455974355
"26",9.62587913102876
"27",9.59016827886507
"28",10.0577231492753
"29",9.25200872648023
"30",5.69671563445673
"31",11.8100441369549
"32",8.03557375341293
"33",12.3806338991169
"34",9.27514437170725
"35",4.98175893990094
"36",9.75882549214694
"37",5.87200787309797
"38",8.33448106952971
"39",11.0263080794758
"40",9.51096217282162
"41",10.9834562938067
"42",11.3407077447679
"43",9.8458913041
"44",8.89766631340097
"45",10.5726600522098
"46",9.22706961839474
"47",7.65430024020001
"48",11.5646679683442
"49",8.28128119533812
"50",9.7166709076551
"51",12.0483182042443
"52",7.1087345860789
"53",7.17905126049043
"54",8.32055857434652
"55",8.33724773894559
"56",11.7212980333596
"57",10.804442414525
"58",9.31125459777678
"59",8.55732455702272
"60",7.86988695259884
"61",10.9399002196067
"62",8.63532347424984
"63",11.6672707449971
"64",11.9257216955925
"65",6.12449363720399
"66",9.90793755923194
"67",10.2183647364944
"68",12.2137610894377
"69",10.8238594107425
"70",8.45981036629684
"71",6.41840363168756
"72",10.1706070177069
"73",11.92765293053
"74",9.04627292902198
"75",8.27973304038148
"76",8.17290158342128
"77",9.11866948101704
"78",10.6933301396988
"79",8.06618345781309
"80",10.3975335136079
"81",8.01199937599373
"82",10.9651319330523
"83",9.92866166767495
"84",9.76891570367117
"85",8.49898829711772
"86",9.34231193687861
"87",9.03669227470137
"88",9.21718973621451
"89",10.2640522448308
"90",9.37660700203202
"91",6.89804667276901
"92",7.41991987457802
"93",7.58154330766171
"94",8.39503897595179
"95",6.83978098285289
"96",4.85570558389789
"97",9.28162862317802
"98",7.34524896495962
"99",5.61022122512153
"100",10.0828646533045
"101",6.72740142906129
"102",11.7452606981153
"103",6.04101760581165
"104",9.07045403292127
"105",7.57206351162679
"106",10.2872163255542
"107",11.0300019612929
"108",8.86253115167685
"109",9.64697326828993
"110",9.30800384323211
"111",8.41691399779423
"112",6.75106237444091
"113",6.0277939211957
"114",7.11039210118917
"115",5.90695746091076
"116",9.8329577997785
"117",11.9470255437854
"118",6.29978198160757
"119",9.13995354649315
"120",8.79015340353203
"121",7.2268461625203
"122",8.76656649627251
"123",8.24682252798949
"124",7.21124347074728
"125",10.9448059922622
"126",6.75848913430252
"127",9.67665559158288
"128",10.9734177341553
"129",9.08343286811824
"130",9.24453657303193
"131",10.1137651771496
"132",9.46878825753254
"133",9.67672888178116
"134",7.43748610524553
"135",9.38414674564945
"136",8.46897932099118
"137",7.9247110946538
"138",8.90022353326362
"139",7.37988382965089
"140",8.87812183589743
"141",8.05646934740215
"142",7.83101618049151
"143",6.02810752326467
"144",5.98211657467034
"145",6.10771709332358
"146",6.24870385915544
"147",8.16710762172527
"148",7.81296839119149
"149",6.52714173137545
"150",8.94472405720999
"151",5.86733419659515
"152",5.22102453733141
"153",10.5448073036725
"154",10.1583918560613
"155",5.97375712743236
"156",6.61236523936718
"157",7.45508759203014
"158",8.30373199690067
"159",10.1779898608615
"160",4.3385457953086
"161",9.77023092529503
"162",7.0956577250587
"163",5.11433001083982
"164",6.89091123986141
"165",11.826237242624
"166",3.66212952701562
"167",6.31798094404493
"168",6.36264556511664
"169",8.33098107657488
"170",9.34476036992751
"171",9.2187638392874
"172",6.64191358466156
"173",8.82471556517757
"174",4.62292230637851
"175",6.99373567719232
"176",7.78524704479409
"177",9.58332066608924
"178",5.63148156469434
"179",6.49237823006063
"180",9.47562047143906
"181",8.05992572781484
"182",4.28434352135698
"183",4.15631400527584
"184",9.38214011049527
"185",10.8438146289906
"186",4.7127518868788
"187",10.238551133058
"188",10.146233310195
"189",7.19338509920388
"190",6.42535581609173
"191",5.2869914953466
"192",6.59666162519495
"193",6.38095319831198
"194",8.20398676502059
"195",7.62452410593368
"196",9.0204767407038
"197",6.96898932085672
"198",8.3236537411332
"199",9.20789634479842
"200",8.38112651494551
"201",7.55842710663804
"202",10.5521532683132
"203",9.66579624963112
"204",9.61539283671699
"205",9.18688813944497
"206",9.52070765006353
"207",9.35255730107297
"208",7.42576529379902
"209",7.7163761294066
"210",12.5497234968622
"211",10.8345216531164
"212",8.57844530299763
"213",8.35159833526812
"214",7.28427686446522
"215",9.86340048402379
"216",7.37865304665619
"217",4.98450810129252
"218",6.17454923083765
"219",6.56188164651083
"220",8.51713317251686
"221",8.78553979277276
"222",9.8801994488113
"223",9.97553164406488
"224",9.6821600630536
"225",8.08345662108872
"226",10.3459048254992
"227",5.34778673079228
"228",8.92885203036818
"229",9.69582721378382
"230",8.12805036958944
"231",5.51181536702226
"232",9.33434997067057
"233",10.5156836285817
"234",6.69340778240816
"235",8.41906160813818
"236",7.94618583064971
"237",10.064927647969
"238",9.36674229108548
"239",7.24278703366852
"240",8.8832478527817
"241",10.4874089637724
"242",12.4674651906654
"243",6.84495184369271
"244",10.3253678688996
"245",12.7445494644756
"246",7.85650789975534
"247",10.3523592897847
"248",9.84643749359268
"249",9.76947193993611
"250",11.3338530290114
"251",9.03861103211778
"252",12.6779900592056
"253",8.37624896534306
"254",10.8365823068333
"255",8.08194980985919
"256",7.35805095559392
"257",6.87168818664792
"258",12.4806790948077
"259",9.78731106019241
"260",10.6620062142905
"261",10.0349776986673
"262",8.23845181345958
"263",6.85587285297138
"264",14.2697638687132
"265",8.40968837495603
"266",8.91359435750232
"267",5.60967289245062
"268",12.6136267882317
"269",6.94318912516271
"270",5.63254591247841
"271",5.28126449566348
"272",7.8803646229836
"273",8.93832364760105
"274",7.47727425739974
"275",8.45388469022126
"276",8.40891818402293
"277",7.89357618655101
"278",9.00995839340362
"279",9.95929851187139
"280",5.59004103821244
"281",8.75091543355652
"282",10.1190403971346
"283",7.77851173997606
"284",9.42146972399904
"285",9.0713716154613
"286",6.80877851274821
"287",7.94154656033847
"288",8.46614472583248
"289",7.22904727141981
"290",7.87749205525741
"291",7.3029119944427
"292",6.06767717369495
"293",6.81172824611669
"294",8.27392578611662
"295",8.82288109528616
"296",9.91911476903668
"297",10.2530598684848
"298",6.653724910263
"299",10.1667483081656
"300",6.96277372021653
"301",9.06712340637673
"302",7.2203560110387
"303",8.39673920205433
"304",7.31817653035396
"305",10.6791891498564
"306",9.00263914995069
"307",7.71605608340558
"308",8.58459759238725
"309",9.13384556160488
"310",8.67750316429468
"311",8.88289875131026
"312",9.36876085259717
"313",9.83897201241315
"314",8.69829092296611
"315",7.2308526781379
"316",11.7799806176157
"317",9.06015113539307
"318",7.98825892128987
"319",7.81120461774002
"320",8.8377792238003
"321",7.6591187235032
"322",7.72714251193286
"323",10.4527626633936
"324",12.1163993699067
"325",11.9380112388114
"326",6.24903968613828
"327",10.7456020821556
"328",7.7603662677753
"329",7.29516039127475
"330",8.74705844877358
"331",12.7635466294995
"332",11.5490245611596
"333",10.0934010160215
"334",11.3573018838556
"335",6.15466972301452
"336",7.19400844050238
"337",11.0730919053149
"338",9.52510112155107
"339",7.74047233002623
"340",10.30021417538
"341",8.55890068280592
"342",12.6984792308098
"343",8.20397138254738
"344",11.1784999454546
"345",8.51837347346707
"346",6.68967531917139
"347",8.01520464450752
"348",7.44814689595562
"349",7.39030443419514
"350",7.99072440005325
"351",7.39340986813719
"352",9.30458711333066
"353",6.11449577789454
"354",7.13716372027114
"355",8.1383354353022
"356",5.3445024373204
"357",8.25670764317789
"358",7.82236476296123
"359",5.38660868303817
"360",7.77598734039323
"361",3.09282798086729
"362",7.00867396227416
"363",6.14941785586142
"364",9.62534793708956
"365",10.1579043995065
"366",7.11714605658042
"367",6.60011998557522
"368",9.10506613173792
"369",7.40703032973651
"370",9.04925296758539
"371",7.50187072661843
"372",11.4160006645779
"373",10.699631904211
"374",7.76877752850915
"375",8.82355240159415
"376",9.24415348138804
"377",10.102359201385
"378",9.84607404646448
"379",6.7510564196002
"380",7.51661573797759
"381",4.78651469090815
"382",10.477563210341
"383",7.02256298950808
"384",5.8910478816725
"385",8.68801179808738
"386",8.97325630192382
"387",6.92111157767496
"388",8.350517229017
"389",7.82973494135006
"390",9.19838326025888
"391",8.92339145846775
"392",2.87144843789281
"393",7.26046431960957
"394",6.51390273970152
"395",7.55528107156896
"396",6.26360653296387
"397",9.95077449387636
"398",9.38942852264336
"399",7.00688767682609
"400",6.19920436418317
"401",9.13455081661084
"402",8.02293173737282
"403",7.19077258099008
"404",10.9164912711578
"405",9.61483536420498
"406",8.50528037541531
"407",10.1063596821444
"408",9.42304013331537
"409",10.7559303276014
"410",10.7403219598367
"411",10.5581782168522
"412",10.5881834146444
"413",9.90810166224673
"414",10.432189550636
"415",8.50824096348382
"416",7.04022207122286
"417",8.09803716938063
"418",8.87914497475336
"419",8.11006830035641
"420",7.87736805960307
"421",9.99495168587431
"422",8.43011575986927
"423",9.44811462385511
"424",10.201449118036
"425",5.7481367678441
"426",8.42289238394915
"427",9.33660937622356
"428",6.10770064876342
"429",8.85833687770262
"430",7.35670444921876
"431",7.61769219660201
"432",8.62693191008975
"433",7.48833864559351
"434",6.69407931219804
"435",8.04067321092633
"436",9.24794490675408
"437",8.1159791637227
"438",6.73195436671706
"439",9.62203858632666
"440",9.31314068860891
"441",11.8313876874421
"442",8.38648934931133
"443",12.9038233940181
"444",9.48219939601684
"445",10.0064033170543
"446",9.38585476074833
"447",10.462094197183
"448",10.0078174066092
"449",7.06891411207329
"450",9.85639423640831
"451",7.17520021998503
"452",7.58653611596419
"453",7.70540705321163
"454",8.88547372390393
"455",7.70334708797684
"456",5.34218468482753
"457",6.57316639135116
"458",11.2295870206975
"459",5.15080486003542
"460",7.96664681593653
"461",4.22658338263865
"462",5.96313317852586
"463",10.0194618869315
"464",7.38984481220418
"465",8.91452681123917
"466",10.7699787933055
"467",9.4383490742372
"468",11.3892910301984
"469",12.4514018846127
"470",9.00062808045981
"471",7.20908090399596
"472",8.64605333945343
"473",7.94530769358188
"474",8.39517516758896
"475",6.71316093479866
"476",9.98584079080313
"477",7.69756678008652
"478",7.67860647548795
"479",5.55786112075396
"480",10.7359867577771
"481",10.8970377355358
"482",10.3933610877514
"483",10.7771788280909
"484",12.0145506826045
"485",7.43397441530861
"486",8.75537928543958
"487",8.0240776750035
"488",8.8902265156156
"489",6.49038104534353
"490",7.25544095616479
"491",8.56736472872875
"492",10.4505703766371
"493",7.4255114077416
"494",9.00448610455722
"495",7.31484041679189
"496",10.3253625781235
"497",7.7496139917477
"498",8.87002246532578
"499",8.92471526135701
"500",8.62109811882712
"501",6.53099338019098
"502",7.78784029625702
"503",6.53206404480279
"504",10.0507397720059
"505",9.76791831679159
"506",8.2297826585788
"507",7.18684821826388
"508",7.41742635563047
"509",8.23779427943145
"510",9.06354841390915
"511",6.51882125821199
"512",6.82089275688797
"513",8.39182635007905
"514",10.0899325666852
"515",10.9635528592763
"516",10.7834323800361
"517",7.24921308595394
"518",7.20847083836068
"519",8.97128053296629
"520",6.10903097078091
"521",10.0660024402143
"522",6.48029834881073
"523",7.81636854106178
"524",11.3025477562291
"525",10.5234252739775
"526",6.39490635127399
"527",6.77688569615418
"528",9.8731141410746
"529",7.72569654488027
"530",8.03631999568046
"531",6.83532484293723
"532",6.063243769472
"533",6.76846972506659
"534",10.680165234789
"535",7.15981815001845
"536",6.86508954713275
"537",6.78889918583439
"538",8.40231353415668
"539",8.72186381528529
"540",6.02575791948314
"541",10.4532833305619
"542",7.43136238929608
"543",7.79585526546072
"544",9.19829210274849
"545",8.04944657763734
"546",7.38090098827629
"547",10.0054546170588
"548",5.5807673811258
"549",7.22794497061948
"550",7.86594953946819
"551",6.98754479440173
"552",4.17385269510096
"553",6.32368317934898
"554",8.19950525663388
"555",7.07219938025787
"556",8.9719803011581
"557",8.18275529716412
"558",7.48729670216221
"559",9.42126313324876
"560",6.67216548330931
"561",10.2195916263339
"562",6.79713868115597
"563",7.11560025062565
"564",10.1786890612542
"565",6.17216350969247
"566",8.67975313392056
"567",9.98345947686743
"568",8.69246470604937
"569",4.72257335720185
"570",10.9194002077017
"571",10.4415755179182
"572",7.8215970770244
"573",7.95208053647913
"574",7.84724451815501
"575",9.12716833739874
"576",7.18326692973779
"577",8.20180598391037
"578",8.2361287304751
"579",6.97926302329775
"580",8.74938049396968
"581",7.23199015563049
"582",7.38216461572158
"583",8.20644711803818
"584",10.1574118295495
"585",5.11741565365462
"586",11.0699092335825
"587",7.32024209231351
"588",9.92951879626096
"589",5.37053542691393
"590",5.26233399041157
"591",9.12953933790769
"592",4.36973928716794
"593",8.91913685898993
"594",5.12577429315808
"595",11.8428764157031
"596",13.6320313198463
"597",8.44002895289482
"598",5.01386234731834
"599",8.44706983189321
"600",6.42253263945948
"601",11.8230362735429
"602",6.67227931469252
"603",10.0747667512773
"604",8.24763145481835
"605",4.90651702959211
"606",7.80841748702708
"607",11.656229549761
"608",8.122685546894
"609",7.17844317804712
"610",9.90760730478448
"611",8.48229305716132
"612",8.22693313366113
"613",8.69630928900188
"614",9.88380803186939
"615",5.52605539690787
"616",9.86681578411216
"617",11.9915852453152
"618",6.88414132231971
"619",7.57735898133035
"620",10.8501278203653
"621",9.88280322512735
"622",8.86549912134496
"623",9.89701070844145
"624",5.99263140695577
"625",7.50987123134788
"626",7.83979877597738
"627",8.88245983534717
"628",4.34079491576592
"629",7.29443803648499
"630",7.22380180252746
"631",9.91303722024571
"632",10.8592158243589
"633",7.92477373661869
"634",9.75004431600379
"635",8.64240119078608
"636",10.3043827570607
"637",10.5515707225349
"638",8.70801880703969
"639",7.66131896545117
"640",6.12121525362004
"641",9.57306696099518
"642",5.27048601336902
"643",6.56675809930587
"644",8.37683771392502
"645",10.981046060751
"646",11.5429083851977
"647",8.18427605771644
"648",9.42209837723149
"649",6.19583219642107
"650",10.0081100278976
"651",7.28969083122495
"652",8.82067216921147
"653",5.60549798167177
"654",9.07444590285769
"655",7.1098572581272
"656",9.29092405721459
"657",9.18156069706499
"658",7.83149633608169
"659",6.98619388018766
"660",8.38859755525356
"661",9.73245437384436
"662",3.65231394268644
"663",10.4836306857205
"664",7.25054644481567
"665",9.36970943767354
"666",8.80036481665614
"667",6.45984019572736
"668",6.77608761506255
"669",7.86908258617273
"670",8.70889424324461
"671",8.74504483996013
"672",8.58512023873739
"673",7.71901932032754
"674",10.6614485621769
"675",6.10119209009259
"676",8.31027885600969
"677",7.58513901872347
"678",8.83628436027111
"679",7.7016335524777
"680",8.75343767091611
"681",13.8881937602876
"682",10.1507152933942
"683",7.01984701087813
"684",8.96762645389692
"685",10.3776154070365
"686",11.3731302120271
"687",14.8481314222107
"688",8.14968718146898
"689",8.8894937834895
"690",10.5949473936788
"691",11.1371716260839
"692",13.2871811200304
"693",11.315808035085
"694",10.3306911704039
"695",13.2975463385165
"696",11.7657907818641
"697",11.3578633575159
"698",11.4217368499191
"699",7.75289273091892
"700",9.66525301077486
"701",10.7602424462527
"702",11.1500160083949
"703",10.3547294123402
"704",13.8362516433512
"705",10.351739687068
"706",9.5170497544383
"707",10.0831384120454
"708",12.5884717587454
"709",11.1968550153988
"710",10.1579159068386
"711",9.92011918070667
"712",12.5569204156581
"713",7.17589735099052
"714",12.5556821639184
"715",13.3371975460254
"716",10.6418560109847
"717",12.1515154220729
"718",11.298505648224
"719",10.5770526176318
"720",10.4276267961666
"721",8.71056827139114
"722",6.32802010852661
"723",11.3853815856371
"724",11.704774219786
"725",10.0914578103218
"726",10.4017566861472
"727",8.29191214518856
"728",7.09438572827027
"729",13.5550546665029
"730",12.0910327972619
"731",12.4111553368346
"732",10.7587873335279
"733",7.97372595924769
"734",12.0785587002264
"735",9.28634401233779
"736",16.4867727165346
"737",9.20772167134413
"738",11.6211543541323
"739",7.45026401108297
"740",10.5478448199844
"741",11.7269126656153
"742",8.16417785629393
"743",11.3071429101659
"744",11.850862315603
"745",9.10582450580183
"746",10.4627755896625
"747",6.57635163634781
"748",8.20007374583239
"749",9.27805543207812
"750",9.99299102126281
"751",7.5326519313751
"752",12.2506816448608
"753",8.19955290457155
"754",10.7600485666485
"755",4.73631179327009
"756",8.14766936570407
"757",11.7464778239656
"758",9.04616573191216
"759",10.5271639592434
"760",9.04622007939708
"761",8.57638133085463
"762",12.5368992102988
"763",12.7643603652822
"764",5.0683612151549
"765",10.0090055806187
"766",10.2348016270981
"767",8.99282380007478
"768",7.30047473327382
"769",6.65152294361356
"770",11.8323284076214
"771",10.6011207715216
"772",10.6402479508163
"773",8.48858010581628
"774",10.6854518274703
"775",8.4923636095812
"776",9.24174341737291
"777",9.2093678237267
"778",9.93923852118202
"779",8.53391153847091
"780",7.09113911253477
"781",8.74542326237041
"782",8.71138771459563
"783",7.9575620541612
"784",8.8037015699184
"785",9.00020517206916
"786",7.46281503666482
"787",8.83458424078364
"788",8.7972762340819
"789",8.29882565968397
"790",11.3320346398458
"791",8.48463532092488
"792",8.36019874693217
"793",8.9464394047039
"794",8.69800686362562
"795",6.99373110030778
"796",7.81735211664975
"797",9.94668110425393
"798",6.24446172801895
"799",9.17609977025078
"800",9.89848618165125
"801",9.94584398842677
"802",10.0642018247391
"803",8.02241404887248
"804",7.01341494093157
"805",10.825679421951
"806",10.8075457074771
"807",8.67957292809758
"808",7.5262308435725
"809",7.41321506314367
"810",10.1501750469474
"811",10.8765862145354
"812",8.869001572038
"813",7.54208019347934
"814",8.02301440054751
"815",9.40225904488735
"816",7.40604823746881
"817",10.5610935063326
"818",7.38072084349705
"819",7.78116155730874
"820",8.5187836580805
"821",8.84440401141709
"822",9.53534825523412
"823",9.87702600986557
"824",8.21596589022365
"825",13.7169455670875
"826",8.48413360919728
"827",7.6800612340205
"828",9.27300843091658
"829",10.0863982487865
"830",10.2467082109687
"831",12.1383535480506
"832",12.6103739944271
"833",10.9061539866916
"834",6.16259200386797
"835",10.0493241761472
"836",8.34299577374216
"837",10.8381915660852
"838",10.1430337544547
"839",11.4081075261189
"840",10.2990980198076
"841",10.3374987708776
"842",8.64182627853883
"843",7.67249306284605
"844",8.91625255714824
"845",11.612189234956
"846",10.317394718493
"847",11.763373291493
"848",11.4715078966849
"849",7.76211900249963
"850",9.09068598803658
"851",11.3042211203684
"852",11.3253594370248
"853",12.395942932377
"854",12.3438304354221
"855",11.6190334299111
"856",9.72617759353909
"857",7.57033081123853
"858",7.45252943403405
"859",9.63776769327675
"860",10.1768195355356
"861",8.27349455325984
"862",9.07327825023613
"863",9.35870260603922
"864",5.69849819054556
"865",9.68723714225914
"866",8.91208292581216
"867",7.4526384382726
"868",13.0008997668269
"869",8.70334660866201
"870",12.3078714432678
"871",6.84793783002037
"872",10.0697748604462
"873",7.60572560932166
"874",8.77295885796896
"875",9.2044828568683
"876",10.6265053901602
"877",10.3288925558035
"878",9.16817306380308
"879",6.92519946504804
"880",10.4955930184215
"881",9.37704229295271
"882",6.97375250292218
"883",8.26485168044791
"884",10.7289446234993
"885",6.37447096802221
"886",6.86836655428102
"887",9.47290240636072
"888",8.81579321462575
"889",12.2225655836574
"890",9.83696468460128
"891",8.77561489747643
"892",9.54875841786521
"893",8.99578690876099
"894",7.46826159378629
"895",8.10802317042336
"896",9.80969724283343
"897",4.35750926568332
"898",6.58010569309568
"899",9.87148351258132
"900",9.55744822814001
"901",9.40680316420873
"902",11.9125253646479
"903",9.57762301458999
"904",5.47325051010499
"905",8.50753339638105
"906",9.70832233533769
"907",9.11719074061565
"908",9.03685930996424
"909",9.05693842877057
"910",9.56561854434542
"911",11.617999603148
"912",9.59007625419177
"913",10.3961752108562
"914",7.87907366333596
"915",7.66993144912612
"916",14.1794466385598
"917",10.0198473711436
"918",8.29633536946067
"919",8.74372733757212
"920",9.66565568201512
"921",10.4234663675619
"922",7.01030573965358
"923",11.7915500606714
"924",12.9755221999786
"925",6.38015903071445
"926",9.01818640383516
"927",5.23921592305886
"928",8.51723991636557
"929",7.60971091957168
"930",11.6756407831402
"931",7.5371568942264
"932",6.86260698784227
"933",10.5186628256291
"934",9.77616642858134
"935",12.5525747627206
"936",10.7606151393635
"937",9.82230224689915
"938",9.92687334753052
"939",9.81650659943677
"940",6.69694811055843
"941",11.4730867353217
"942",9.46524271800467
"943",11.9273164588498
"944",9.43772375909174
"945",6.74314970917574
"946",9.75473803236815
"947",8.68113428678095
"948",11.0270706342511
"949",9.44973755539364
"950",10.4490128751381
"951",10.8246243500801
"952",9.10982639766693
"953",11.9332974539587
"954",9.25043797621965
"955",8.43553227475652
"956",7.85423365515775
"957",7.40372421456953
"958",6.17052840813745
"959",9.27604299992596
"960",6.14926747213474
"961",7.35244653733717
"962",7.00926212370126
"963",7.03331556414767
"964",11.7479912796808
"965",8.59237874179489
"966",8.7524303381203
"967",9.1340418464271
"968",10.6100788612625
"969",5.30945484180487
"970",10.1472164060709
"971",10.1335032388166
"972",7.12163979281912
"973",5.71773323346027
"974",12.3296460020811
"975",8.20913251606224
"976",7.29008113353919
"977",11.620959211073
"978",9.13205968110576
"979",10.5527608937985
"980",6.60042062096105
"981",8.22597200878933
"982",8.66191307673289
"983",12.4589435600773
"984",6.05529496934673
"985",10.317678720871
"986",5.52779829554104
"987",7.83685427483126
"988",8.73101086985869
"989",10.898292313629
"990",9.2235770692253
"991",10.6378287629885
"992",7.18441937306418
"993",8.49095030825013
"994",9.77483809079205
"995",7.92445051371991
"996",8.41118261087964
"997",8.92595381947658
"998",9.79410738019853
"999",7.70598595795558
"1000",8.5566715984615
"1001",8.96427037030563
"1002",8.48402032479485
"1003",4.4113501527367
"1004",10.0277405325374
"1005",11.0662628309659
"1006",9.94544513593067
"1007",11.0179948606816
"1008",10.7318155340301
"1009",13.7319220257852
"1010",13.3056716427274
"1011",10.2027273217341
"1012",11.892952158409
"1013",8.947600086767
"1014",11.4089787526956
"1015",9.98043738685749
"1016",10.8960431737097
"1017",11.6128572677398
"1018",6.49034204070069
"1019",10.6331169451849
"1020",9.70167603682487
"1021",8.52051205102353
"1022",7.0387331446729
"1023",7.6420065430357
"1024",7.83123056342204
"1025",8.70477749475744
"1026",6.52230160119045
"1027",9.98335436822927
"1028",11.7840774452214
"1029",7.36390980019628
"1030",8.246033286903
"1031",10.4169653658342
"1032",11.0146566988143
"1033",7.96139238762029
"1034",8.3772964444007
"1035",7.20021410516285
"1036",9.79939131099596
"1037",10.0210988323472
"1038",11.7538150619468
"1039",8.05132542834816
"1040",7.28145318583518
"1041",7.75962084527704
"1042",12.1881014114163
"1043",8.44025551969451
"1044",6.43013096612123
"1045",6.25478557553074
"1046",10.6349718347631
"1047",8.27113382073399
"1048",7.03500759434731
"1049",11.8499722347355
"1050",12.5249548757413
"1051",7.65840719548479
"1052",9.79995498748053
"1053",11.8596087734467
"1054",8.88177343440498
"1055",10.8131082316678
"1056",8.56760140866115
"1057",8.02246765011351
"1058",6.20710218588289
"1059",9.54266689456294
"1060",8.51129496012422
"1061",7.73420481153648
"1062",9.54612870157456
"1063",6.97951875351806
"1064",5.73372462424066
"1065",7.64869009986879
"1066",9.34821111011218
"1067",11.3788632989256
"1068",8.88708257058011
"1069",10.3406996196505
"1070",8.2413515258717
"1071",10.4506927716234
"1072",7.3233815803642
"1073",8.07242935907165
"1074",10.8633225955955
"1075",8.45077585733947
"1076",9.98011402353229
"1077",11.0602434758587
"1078",4.6501120376104
"1079",7.18662578349341
"1080",8.36588902144181
"1081",6.81256502745968
"1082",6.26245663199233
"1083",11.7068471419068
"1084",9.02179191988504
"1085",10.6553868633242
"1086",7.41977232901629
"1087",11.5275562680799
"1088",8.80521740961451
"1089",6.12994098637375
"1090",10.5025107191955
"1091",7.64265081550439
"1092",10.605769823391
"1093",10.0645161615535
"1094",10.5180352043421
"1095",13.086434082978
"1096",9.62732848267376
"1097",7.25754560784004
"1098",9.06278449835249
"1099",8.29598800792896
"1100",9.89676092018783
"1101",7.62222603370194
"1102",5.68077858511482
"1103",7.52731039660282
"1104",6.2586967590924
"1105",5.16318920444518
"1106",8.07984365889976
"1107",9.85642979069173
"1108",9.74610036720986
"1109",11.2896165166557
"1110",7.32112437296102
"1111",9.19676707794265
"1112",8.39077013262828
"1113",10.7287087883477
"1114",11.2550428875293
"1115",7.98258467377768
"1116",8.12768863538317
"1117",10.2160236376162
"1118",8.16283344052295
"1119",11.5549106965947
"1120",10.1755982370053
"1121",10.9143157962438
"1122",12.5894522920272
"1123",7.96585309352635
"1124",10.1806808173389
"1125",8.8165742900013
"1126",10.2122990111883
"1127",8.17990310849586
"1128",9.70759079438515
"1129",7.82944536869365
"1130",5.95535696296525
"1131",9.03192537914939
"1132",10.4180583697641
"1133",10.0723343176176
"1134",8.31005937157694
"1135",8.80164645070233
"1136",7.49880456241224
"1137",8.75912548400011
"1138",10.8358342881137
"1139",12.5253864696312
"1140",9.63297762465446
"1141",11.9202342585742
"1142",10.3570931418936
"1143",10.2028311329656
"1144",10.007503762724
"1145",8.97867088995473
"1146",9.06892483548279
"1147",9.81098819411396
"1148",6.42570990720717
"1149",9.01141362644451
"1150",8.03216198367688
"1151",8.08721090536887
"1152",8.5788062136751
"1153",11.0759318483107
"1154",10.7995726057008
"1155",5.01013538763096
"1156",7.34067340734753
"1157",9.65493942316357
"1158",11.4831343301421
"1159",9.31213471196294
"1160",6.64612628394294
"1161",12.2649113355379
"1162",7.82167548500716
"1163",9.55603742719076
"1164",10.4044466087091
"1165",7.61490413644834
"1166",6.40183041162288
"1167",8.31539575956403
"1168",6.5879628241499
"1169",11.7256658075598
"1170",13.3204625185177
"1171",8.91752923553775
"1172",7.37596575743612
"1173",9.29419145100272
"1174",7.32583988504181
"1175",8.95450165363303
"1176",9.34939656734623
"1177",7.73853973916599
"1178",7.45098532213263
"1179",10.4231266248554
"1180",6.7132976810517
"1181",8.82914568637107
"1182",12.1642322233272
"1183",7.33939928021908
"1184",8.12375484348345
"1185",7.19844134716015
"1186",10.581089362202
"1187",6.98770413642478
"1188",8.3830388315342
"1189",5.96001386228488
"1190",9.36048960887936
"1191",10.8567795145518
"1192",9.50493597667397
"1193",7.17726218087525
"1194",10.4720952430283
"1195",7.03739387370731
"1196",9.30898680421952
"1197",6.99076046328814
"1198",4.31817426606929
"1199",10.8992442639886
"1200",8.6036448400875
"1201",9.09095415455658
"1202",7.11010073173335
"1203",8.52727287329779
"1204",8.77841433816336
"1205",10.7524619337754
"1206",9.17691833817062
"1207",11.7577085877215
"1208",9.87521375584072
"1209",10.6692124835369
"1210",9.69577164999094
"1211",7.33991549943373
"1212",10.417882592394
"1213",10.0750787316283
"1214",7.07948992618023
"1215",8.10556367155571
"1216",6.52226026875202
"1217",9.64103364306778
"1218",10.6848680279946
"1219",8.51689808558361
"1220",8.26825939603362
"1221",11.9263400510809
"1222",5.94624186558644
"1223",8.82324552240294
"1224",11.4403966519021
"1225",8.31333681246939
"1226",7.94959346152569
"1227",3.77797464748294
"1228",10.9900439907021
"1229",11.0191164406175
"1230",10.4345403975663
"1231",11.4152821778147
"1232",12.2643435591878
"1233",9.40238296939411
"1234",10.4473474179752
"1235",12.4937550143941
"1236",11.683305279836
"1237",13.1204114431788
"1238",10.2761264089814
"1239",6.52657495793725
"1240",8.51334849368517
"1241",11.7860128111681
"1242",12.3005462995527
"1243",11.6344153234738
"1244",9.61025474157619
"1245",10.9623601792331
"1246",11.5727786292449
"1247",12.7683946820898
"1248",10.0720451184376
"1249",8.96736918041162
"1250",7.96693452591892
"1251",11.9874747558702
"1252",9.7898312136323
"1253",8.49339063014355
"1254",9.64505937407554
"1255",11.7667780118464
"1256",9.91849358889847
"1257",12.2233526760676
"1258",9.44329175689672
"1259",9.66168390511469
"1260",10.9552647392549
"1261",8.98624109364797
"1262",9.46126643765758
"1263",9.98381258420425
"1264",10.2755096093952
"1265",8.87909784815382
"1266",5.95365401799352
"1267",13.7956778970013
"1268",6.83495628236685
"1269",11.6313937878768
"1270",10.7506665637693
"1271",8.10609976650784
"1272",11.3004541087771
"1273",10.2094700051017
"1274",11.3351574313131
"1275",10.430563681586
"1276",9.02661045023908
"1277",10.5866662513565
"1278",7.43394016404413
"1279",9.96957609765219
"1280",8.88521973653698
"1281",9.70444452123472
"1282",8.79659015533608
"1283",8.69079054380562
"1284",10.0983006937939
"1285",7.78634793581616
"1286",7.09551236485587
"1287",9.55265225191057
"1288",7.75495136140054
"1289",9.24047300871348
"1290",9.35090002529322
"1291",10.7196086175916
"1292",10.0442078925411
"1293",7.44219603192409
"1294",8.19724569680467
"1295",9.38432611041128
"1296",9.77058622647858
"1297",10.3978770145178
"1298",9.82383288943249
"1299",7.57817327403811
"1300",7.65176718232308
"1301",10.2588840684284
"1302",9.14809968037638
"1303",8.89574964655901
"1304",10.7526112080442
"1305",11.2461389648967
"1306",9.04578988703547
"1307",9.5167708328679
"1308",12.3360541236007
"1309",11.984232312452
"1310",9.69636891536785
"1311",6.47562419035394
"1312",9.13995417406062
"1313",9.64697137438669
"1314",10.3003132388263
"1315",12.6252663052351
"1316",8.54351806917878
"1317",9.91245884754897
"1318",8.35589627879876
"1319",10.5309508156963
"1320",10.1484265044285
"1321",12.8281435550155
"1322",9.76005247692937
"1323",6.20172478930735
"1324",13.1148128571112
"1325",9.11541195324832
"1326",8.15396926467635
"1327",8.50552391628304
"1328",9.42360186908768
"1329",8.3392357730315
"1330",11.5064146863016
"1331",11.6387704434172
"1332",5.40464039772718
"1333",12.0141981002502
"1334",8.40430509117727
"1335",14.8680575971426
"1336",10.0756344823125
"1337",7.94174248442628
"1338",8.528413025287
"1339",12.0301238902417
"1340",7.99760334935087
"1341",12.5572402857285
"1342",10.0472043987133
"1343",12.038577758291
"1344",6.15224650394831
"1345",9.94851408331481
"1346",8.53770627759281
"1347",6.37797725269484
"1348",8.20071324827185
"1349",11.7562817313635
"1350",11.9035539609954
"1351",13.400439417875
"1352",9.26540933104855
"1353",9.84312098796034
"1354",10.739983635633
"1355",8.37908276717597
"1356",8.47475372391481
"1357",8.75689151537105
"1358",8.48909667709594
"1359",6.92259669149379
"1360",6.54249264939904
"1361",9.2064539550027
"1362",9.38138606524479
"1363",9.51996288683535
"1364",9.15552845997557
"1365",10.0741805423912
"1366",10.0080216052908
"1367",8.06557109191362
"1368",10.5230184004811
"1369",10.7237333278793
"1370",11.1703810948825
"1371",8.00758109822931
"1372",13.0182441156168
"1373",8.82822443029874
"1374",7.92697410781202
"1375",11.636793675167
"1376",11.3762363531358
"1377",11.4025071224902
"1378",9.27482607394119
"1379",10.3937785229705
"1380",12.0924531773223
"1381",6.42991794380878
"1382",10.1178696552432
"1383",11.3040556002151
"1384",10.3293480947687
"1385",9.85067691414509
"1386",9.0589194139741
"1387",7.97984225374768
"1388",6.86453771359545
"1389",12.072490596644
"1390",11.7125992567316
"1391",8.90364886547266
"1392",9.63999943488715
"1393",10.9244054553939
"1394",10.1741618336486
"1395",10.1830401109538
"1396",5.0336221445767
"1397",6.96079965938686
"1398",12.3693856453614
"1399",9.89594888482352
"1400",9.42417906675837
"1401",12.4272739062525
"1402",7.98504714435726
"1403",7.51262931744526
"1404",12.4044233108572
"1405",13.4769644291529
"1406",9.31618769237594
"1407",9.99022053427397
"1408",6.83492143736398
"1409",8.28039737799926
"1410",9.32361430746526
"1411",7.88913866939328
"1412",14.1176699664557
"1413",9.23088925849356
"1414",7.75803222019213
"1415",9.31547256729479
"1416",11.5301739764233
"1417",9.87042299977744
"1418",8.75932269159327
"1419",9.39200981577847
"1420",12.5999607368227
"1421",14.3186654064425
"1422",10.6049364613962
"1423",7.55950007196103
"1424",9.667523030365
"1425",8.71412127544815
"1426",8.9620583835842
"1427",8.57835510602534
"1428",7.77750333580322
"1429",7.43714773506906
"1430",6.27487220878618
"1431",6.86747697691188
"1432",11.2889113832191
"1433",8.70670202086907
"1434",11.1413044657479
"1435",8.00537104674596
"1436",9.84293788223562
"1437",7.96412247651316
"1438",6.21870204960277
"1439",5.9923264065199
"1440",9.90553706600498
"1441",7.59985461988245
"1442",8.5839245647881
"1443",5.91250623104229
"1444",7.45631357467778
"1445",10.4370135921345
"1446",12.3593319081708
"1447",7.94849868693108
"1448",9.47845077900902
"1449",9.78977628751733
"1450",9.12877807235536
"1451",9.66531064829918
"1452",8.18656812424862
"1453",6.97616706112486
"1454",4.89961067644188
"1455",7.71755193221367
"1456",9.21238333180162
"1457",10.5010105523023
"1458",9.35414072793363
"1459",7.47481606916593
"1460",8.20320236891819
"1461",6.83214313007961
"1462",7.05481166057015
"1463",8.16978101397556
"1464",8.32278700006396
"1465",5.25852229047142
"1466",7.06686773994007
"1467",6.77659681072683
"1468",8.01253577210695
"1469",6.94294884486561
"1470",8.70523895134137
"1471",6.32675024274634
"1472",8.93060667368391
"1473",8.23559284531435
"1474",7.45245935766958
"1475",5.76753949945287
"1476",7.21701313388778
"1477",10.9120916693964
"1478",8.44909083414338
"1479",7.37861024046014
"1480",9.85884312149527
"1481",6.24695640545733
"1482",9.21672441997365
"1483",6.97005283142805
"1484",8.74672408967764
"1485",6.44929256142869
"1486",11.676259902594
"1487",10.6742668631856
"1488",10.6132592975368
"1489",10.5015440492503
"1490",13.7397718721798
"1491",10.442254323384
"1492",12.0007484854691
"1493",7.80782319635859
"1494",10.4353409322889
"1495",10.3972956033981
"1496",10.2131226567532
"1497",14.6455205339007
"1498",11.7433560841008
"1499",8.99831181539584
"1500",10.8375056320945
"1501",11.6473590970875
"1502",10.347722367838
"1503",9.1241513713023
"1504",8.79982419961461
"1505",12.16422661206
"1506",9.92516148038098
"1507",8.96447798288322
"1508",8.25040300189893
"1509",7.77645443019032
"1510",11.7896098245939
"1511",12.2831334538877
"1512",11.3715161810895
"1513",9.81629627323919
"1514",11.7751531964755
"1515",15.1769845602841
"1516",11.3469029384275
"1517",11.4152193372178
"1518",6.26286453767632
"1519",4.36859107960416
"1520",11.6031294265004
"1521",9.70831196827941
"1522",7.78144186105208
"1523",8.49221433656132
"1524",8.38633463272574
"1525",9.19872319870405
"1526",9.77610142149883
"1527",7.2428724042444
"1528",7.78870841193854
"1529",10.4853230064027
"1530",10.3598343741427
"1531",9.92999444430195
"1532",10.5096839670423
"1533",7.10513871104183
"1534",9.16221891572462
"1535",7.69229190404872
"1536",7.07324415025784
"1537",11.2466761362978
"1538",9.04194800137009
"1539",11.3938920609098
"1540",10.7779066726149
"1541",8.45811873418766
"1542",11.1313118130518
"1543",9.89488970222626
"1544",6.80158416693182
"1545",9.59963187692797
"1546",9.75565370893081
"1547",8.15119232179254
"1548",6.03693577474517
"1549",10.544669739286
"1550",6.93628371020694
"1551",9.1601967830991
"1552",8.02209028075396
"1553",9.1214105128157
"1554",8.56751164684425
"1555",10.7056275867807
"1556",9.811560774862
"1557",11.6838088042466
"1558",10.8030623163712
"1559",9.40478500533045
"1560",8.4790805282922
"1561",11.4176097262708
"1562",7.87141633126975
"1563",11.7494925103072
"1564",7.39736713844107
"1565",10.5621626492795
"1566",8.30128935571714
"1567",7.72118245448426
"1568",7.99164858646213
"1569",12.585684960178
"1570",9.27133690957532
"1571",8.16401292183095
"1572",5.18638371551864
"1573",6.44151741373336
"1574",9.14857585548361
"1575",10.6608635979567
"1576",7.92071234027596
"1577",7.32359604484289
"1578",6.96969066361148
"1579",10.6781096624544
"1580",9.61519971424744
"1581",10.6653112517023
"1582",9.76535431779626
"1583",9.60079065424226
"1584",7.87181653214401
"1585",8.82772313495014
"1586",6.1026744367491
"1587",8.61048360460907
"1588",7.59142852770724
"1589",8.05971755637709
"1590",10.2849531633349
"1591",8.20970856046469
"1592",11.144379455431
"1593",10.0333082410577
"1594",6.45929090594202
"1595",9.14563972093125
"1596",13.6606382849988
"1597",10.7790405141589
"1598",7.47834871659306
"1599",9.63208072596921
"1600",8.52128272659852
"1601",13.4201795982827
"1602",10.9675643467687
"1603",10.850829582334
"1604",7.99571980855451
"1605",4.21262556234366
"1606",10.1502735063056
"1607",9.98219385003889
"1608",11.603277865234
"1609",6.16315085787372
"1610",12.0067146537093
"1611",8.29618318250299
"1612",9.9256240032738
"1613",11.685883581688
"1614",9.89548105902807
"1615",9.96573705888738
"1616",7.60363466881111
"1617",8.72981699404847
"1618",8.43060247084211
"1619",10.2165933366488
"1620",8.27699152590231
"1621",7.98095455376781
"1622",11.0622003953232
"1623",8.82916423223571
"1624",7.90203663787094
"1625",13.2756689071326
"1626",9.68510283742981
"1627",6.4272139660833
"1628",9.12321174602418
"1629",10.3209253732993
"1630",8.76844274451013
"1631",8.81125510304416
"1632",9.08914686684419
"1633",9.28155322274155
"1634",10.3457643738518
"1635",6.78501968975983
"1636",9.22238924662119
"1637",8.05740429312205
"1638",10.7428954008845
"1639",8.09026898433197
"1640",6.78690837859224
"1641",10.0032641546417
"1642",9.70536771150198
"1643",12.2409374945562
"1644",12.9533902675392
"1645",7.42417908126169
"1646",8.86276828173962
"1647",9.06758217897341
"1648",6.0125036357426
"1649",10.7415403951694
"1650",7.47092458954411
"1651",9.75757816532495
"1652",8.65731150150532
"1653",7.2777721392459
"1654",11.3079861777803
"1655",11.3832297625751
"1656",14.0238906960199
"1657",10.8769370818664
"1658",9.5299351795863
"1659",6.86360977488869
"1660",9.80936598141164
"1661",10.0450871669632
"1662",10.2796064738508
"1663",10.2313920537379
"1664",9.26232698487173
"1665",11.1081694066791
"1666",9.17846647422408
"1667",9.49679757981202
"1668",7.7186551538614
"1669",8.1923634950812
"1670",10.644761062434
"1671",9.93624525941691
"1672",9.96366583074788
"1673",6.54602545456706
"1674",10.6981695757329
"1675",8.31722998466531
"1676",7.00824176031012
"1677",9.53209791404987
"1678",5.47495660212393
"1679",7.20370643445583
"1680",11.067302257994
"1681",7.12418909303867
"1682",6.90283741567998
"1683",8.60190205732608
"1684",10.3427621564903
"1685",9.1984893544846
"1686",11.3486930984045
"1687",9.62512988179264
"1688",6.31634305374026
"1689",9.00572874916701
"1690",11.2077590750915
"1691",5.03059993555275
"1692",6.99266798763291
"1693",8.11310136558322
"1694",10.545551199077
"1695",10.6482966771474
"1696",11.9132554866267
"1697",9.18473350952185
"1698",8.07226207959251
"1699",10.7315003108363
"1700",8.02602166846944
"1701",8.12792568968812
"1702",8.20838525702912
"1703",9.32955023307464
"1704",11.7007347614089
"1705",9.70223899165577
"1706",11.9197211134281
"1707",8.4272492604304
"1708",10.8460103936193
"1709",10.2373317553785
"1710",10.5276540107888
"1711",10.1103592013862
"1712",9.97327350983935
"1713",10.8189548656552
"1714",10.8397575059675
"1715",6.1515976174383
"1716",9.72714955816526
"1717",9.05545700057157
"1718",9.77162880575004
"1719",9.77989695245255
"1720",9.0424876245287
"1721",7.83628503388299
"1722",11.0065640580708
"1723",7.9105006206191
"1724",6.91187006007671
"1725",8.03853929466539
"1726",7.53774681787646
"1727",9.48885244344601
"1728",10.169087416353
"1729",5.63579246231741
"1730",11.1208481924015
"1731",12.6632616706328
"1732",10.0190404511149
"1733",11.3508790602175
"1734",9.6934703215026
"1735",9.97432386413079
"1736",6.78079790655568
"1737",8.82124052888067
"1738",4.66812022932198
"1739",9.69343611640835
"1740",7.11490256438089
"1741",9.26185699349917
"1742",10.9166430660496
"1743",9.59984843512597
"1744",8.05557816722432
"1745",10.212232716098
"1746",9.75656838865538
"1747",5.91251343221588
"1748",8.81234722714303
"1749",10.4777148257047
"1750",13.0771848867607
"1751",9.27371106015848
"1752",9.06228502244136
"1753",9.15178496793856
"1754",7.77864673388456
"1755",8.1385360778601
"1756",9.87656859939748
"1757",6.52433346322327
"1758",9.49631612324112
"1759",8.95413337951352
"1760",9.55700288556173
"1761",10.7816816782143
"1762",6.59214310508704
"1763",9.60589988366588
"1764",8.68462417083013
"1765",9.76136109137534
"1766",5.99234791241805
"1767",10.0589187735305
"1768",8.63328731627783
"1769",10.0844503751211
"1770",9.95255468883829
"1771",8.50597934901484
"1772",11.5160976177928
"1773",8.58650283647199
"1774",6.3347567326126
"1775",11.5732121987389
"1776",14.3596808315794
"1777",10.0369337214128
"1778",6.20937921999234
"1779",6.83581562813685
"1780",7.78201625994752
"1781",12.6709129922918
"1782",8.64953467726485
"1783",6.19603877181233
"1784",9.58943948646922
"1785",8.78254128670818
"1786",4.69857252295232
"1787",7.63330114527629
"1788",9.92075173635131
"1789",9.09743105079579
"1790",8.22371068054689
"1791",7.41780108928668
"1792",5.23621418919106
"1793",8.72066634365711
"1794",9.23619402584299
"1795",10.657627089291
"1796",12.792777093332
"1797",7.99368905369707
"1798",9.99732044380148
"1799",6.63631214469714
"1800",9.14486327786644
"1801",6.54033756724871
"1802",10.6504111134638
"1803",11.6201610928763
"1804",7.29063503020187
"1805",8.87018944004593
"1806",8.66704409504245
"1807",7.74222988577178
"1808",7.23516402884835
"1809",9.24564065611677
"1810",6.42927758044237
"1811",10.7556235195744
"1812",9.93679541166712
"1813",12.658088115564
"1814",6.99209865822242
"1815",8.67988521038023
"1816",10.1115603996699
"1817",8.72888076551128
"1818",9.80310038985028
"1819",7.68841504238185
"1820",10.6545040799441
"1821",10.6022881536256
"1822",7.64126077446248
"1823",6.46305016315917
"1824",9.65593076430226
"1825",9.62975443473039
"1826",5.00570780141644
"1827",10.0914793858448
"1828",5.53091168165197
"1829",7.82324564941155
"1830",9.37653067697407
"1831",6.74668374225117
"1832",11.6145444625428
"1833",8.48731895391956
"1834",10.4629684189702
"1835",8.97179241788579
"1836",8.53643768626397
"1837",8.66733461104772
"1838",5.98140845879471
"1839",8.4055431716738
"1840",8.5752788472088
"1841",8.27927691036882
"1842",4.28316149780839
"1843",7.23520745681801
"1844",8.19486521429531
"1845",7.89177481343642
"1846",7.04760304901534
"1847",3.46764529728894
"1848",7.10321158088867
"1849",9.23811668411373
"1850",6.69632850286476
"1851",5.71203425555776
"1852",8.34932930651209
"1853",6.93231690302832
"1854",9.67944985132457
"1855",11.2639911717172
"1856",10.2782522256159
"1857",9.30468196447007
"1858",9.83971087703517
"1859",8.53471125622838
"1860",8.30395322590272
"1861",7.26711885351952
"1862",6.50293368974971
"1863",6.46391526174503
"1864",6.54239395716309
"1865",10.510535709835
"1866",3.48052621996637
"1867",8.29170579383233
"1868",6.13375777805187
"1869",9.04299687515053
"1870",5.96377153898454
"1871",7.21673790140225
"1872",10.0464840206589
"1873",6.11563610146605
"1874",8.6369421763852
"1875",10.0088853900604
"1876",7.51422775985945
"1877",11.0028605176503
"1878",5.10307027239039
"1879",9.46952806841891
"1880",8.56819541216821
"1881",9.60737652896609
"1882",7.73903511372515
"1883",7.70850748913681
"1884",6.81248489137418
"1885",8.33229290974633
"1886",8.19426997979204
"1887",6.36233077932784
"1888",7.59249614723621
"1889",9.26812524380686
"1890",4.85487803008651
"1891",6.8997658362048
"1892",9.24791109083207
"1893",5.44575432992953
"1894",5.76746337010245
"1895",8.72139227245249
"1896",10.7950562709617
"1897",9.16222704042818
"1898",10.8437357961551
"1899",6.75516119782407
"1900",6.00925433777308
"1901",5.33385845492848
"1902",8.92474135472479
"1903",10.9718481174584
"1904",8.60624958906667
"1905",6.72989962062825
"1906",8.90527060214054
"1907",5.54667045066721
"1908",6.20597401166948
"1909",7.78319852105966
"1910",4.63683404753257
"1911",11.9770631477365
"1912",5.11866319210931
"1913",8.72526087845194
"1914",7.86278745220831
"1915",11.6432393542545
"1916",6.76662881741062
"1917",7.72621975451691
"1918",10.8568101957204
"1919",6.74639757534369
"1920",11.1935169699936
"1921",6.64351931029216
"1922",12.7599281676465
"1923",10.8370170261176
"1924",7.65853675910067
"1925",10.2068685317119
"1926",9.26922459073517
"1927",8.74428634874859
"1928",6.52563228162319
"1929",9.90701355149723
"1930",9.08120650629247
"1931",7.05435567879626
"1932",8.78847617619181
"1933",5.70174186846956
"1934",9.08059534380678
"1935",7.86807847750835
"1936",6.17054005509414
"1937",7.63353153235692
"1938",9.61187486218236
"1939",5.76227944473892
"1940",9.68484215526166
"1941",5.80606769459858
"1942",8.87628609022643
"1943",10.3113237344442
"1944",5.80327913913911
"1945",7.18573296652034
"1946",3.6136324160982
"1947",7.36719720742847
"1948",3.74967592489884
"1949",8.95386774104469
"1950",9.38304322733919
"1951",8.28806559312993
"1952",6.43926338377998
"1953",10.0968161777218
"1954",9.53186598824282
"1955",10.0735612844281
"1956",9.77578728692135
"1957",10.7709537888534
"1958",10.6123520017381
"1959",10.0704174906672
"1960",9.24218981151773
"1961",9.0868348465837
"1962",9.71452942063023
"1963",10.5256935696417
"1964",9.50813981166339
"1965",9.02090919117653
"1966",6.70347058607779
"1967",7.08163630929776
"1968",11.7818106216676
"1969",6.47472411694539
"1970",8.6825930598797
"1971",7.97282580900433
"1972",10.770416843442
"1973",6.60192168130056
"1974",10.1144211596817
"1975",5.49901364880497
"1976",7.69101741412018
"1977",5.21282864896627
"1978",7.1980999024494
"1979",7.28920282993235
"1980",9.10184661288361
"1981",6.39123700275333
"1982",8.9750757130733
"1983",5.70489084917761
"1984",10.647728176741
"1985",6.55819838028635
"1986",8.03744044558979
"1987",11.4256054546792
"1988",9.56390335268713
"1989",10.3966518983674
"1990",8.59966776058659
"1991",6.34704789120693
"1992",5.49623946063846
"1993",6.93838280903824
"1994",8.13651245116491
"1995",8.42949900463991
"1996",8.97484277346691
"1997",8.1308991358028
"1998",7.63571008267823
"1999",6.28217467570181
"2000",6.61900697365217
"2001",6.88965451087295
"2002",9.97737506981307
"2003",5.70179946985581
"2004",6.7204034065739
"2005",6.98345133971892
"2006",7.0579877736766
"2007",9.75642521737428
"2008",8.98385506222108
"2009",9.89862204489132
"2010",4.46179544442677
"2011",5.87791899070896
"2012",5.26953297732004
"2013",7.38991270819503
"2014",9.7609393875102
"2015",7.9971832114203
"2016",9.04041997069075
"2017",7.44603804143611
"2018",12.5537742420672
"2019",8.29440155335157
"2020",6.04986825848933
"2021",7.39865609749395
"2022",8.54884307336012
"2023",9.33699395724388
"2024",6.76898441403892
"2025",8.225766586843
"2026",6.9962741305266
"2027",6.47397935595509
"2028",8.31461947323985
"2029",8.27049568006494
"2030",7.14810716437748
"2031",9.34170053521721
"2032",8.16007055567739
"2033",9.56995397589133
"2034",8.99965990168954
"2035",8.99587010561061
"2036",6.60249470467654
"2037",9.02462268028483
"2038",6.28505539982316
"2039",6.27693782093319
"2040",7.16022164443419
"2041",13.3712747247592
"2042",9.72902507842487
"2043",10.2266545039032
"2044",9.88320896724971
"2045",10.6644959509685
"2046",7.4075693017068
"2047",11.8971325344504
"2048",8.98351166221529
"2049",11.7951548202102
"2050",9.24733701901217
"2051",9.11481030612753
"2052",8.82961031760387
"2053",8.96478423794233
"2054",8.42967715836786
"2055",8.10823709268724
"2056",8.97025520300769
"2057",8.72552373425209
"2058",6.9792272430546
"2059",11.9692059413675
"2060",9.92287075177249
"2061",10.0087351045356
"2062",9.57931674766582
"2063",8.76006819117596
"2064",9.39064506325242
"2065",7.14274155675884
"2066",6.59376575366105
"2067",9.34625873254025
"2068",6.42553614157151
"2069",8.26223937143838
"2070",9.87636731686922
"2071",9.27010103498659
"2072",7.92177618114072
"2073",10.4826629989961
"2074",9.81475232601184
"2075",8.2740671084272
"2076",7.93649782555835
"2077",10.534819272426
"2078",7.58251155018112
"2079",8.33820790806786
"2080",7.9936411386686
"2081",9.32469551615368
"2082",9.67357746941301
"2083",5.44003228863663
"2084",10.9194809490158
"2085",11.1463618671035
"2086",12.3851164207972
"2087",9.76731344011374
"2088",9.66033918697597
"2089",9.56707955300005
"2090",7.24330793790573
"2091",7.14438247974879
"2092",10.7382631088192
"2093",9.13414811167119
"2094",8.27845875038996
"2095",7.71273623993072
"2096",8.72393576210553
"2097",7.04884616329604
"2098",6.18909833006009
"2099",12.3253340322073
"2100",8.17015710913433
"2101",8.3682366688514
"2102",9.55348778679433
"2103",6.86860877321256
"2104",7.73288387333062
"2105",7.77481552524532
"2106",10.0606598749504
"2107",8.40831441721786
"2108",6.48626319791518
"2109",11.9773366310059
"2110",8.80765158808459
"2111",7.93854289577709
"2112",8.88019905224357
"2113",9.34779901987082
"2114",10.4964312880502
"2115",7.86531897069004
"2116",10.0402476680221
"2117",10.2486275432362
"2118",7.91572047633855
"2119",8.71318955738816
"2120",8.04774233049037
"2121",9.18250442975937
"2122",8.3211164176923
"2123",8.26953588853597
"2124",8.83199067320942
"2125",8.73796277952522
"2126",8.44744417301909
"2127",5.48861528895407
"2128",9.00750024739812
"2129",9.67539872123815
"2130",5.49147691752214
"2131",7.02108569149016
"2132",10.4896796493661
"2133",10.90398027353
"2134",8.88689017722057
"2135",7.63043228715034
"2136",8.67480865072044
"2137",10.1796727885381
"2138",10.0811191377817
"2139",11.8535200843359
"2140",8.34143752178239
"2141",9.74765745773956
"2142",9.19564085118624
"2143",10.4381543531331
"2144",8.84609055511807
"2145",11.8979900089168
"2146",8.08850764064244
"2147",12.0156561170313
"2148",12.1025894599515
"2149",11.4735163579544
"2150",12.1010965190448
"2151",8.22904374272508
"2152",11.7330620334716
"2153",11.9087731482238
"2154",5.81216288964567
"2155",8.65014478593243
"2156",11.3716451661677
"2157",8.35361976390567
"2158",10.7360305942211
"2159",10.2058732988306
"2160",9.39270931111811
"2161",10.6803660798451
"2162",9.49159976906397
"2163",9.00693672585407
"2164",8.320129114061
"2165",10.6302672838888
"2166",9.86410288994516
"2167",10.8774891874836
"2168",8.2551994883965
"2169",12.4086224690233
"2170",10.1304222448186
"2171",12.4440143009289
"2172",11.3614718600398
"2173",5.81782539364125
"2174",9.26093262991837
"2175",11.6429863838435
"2176",5.75864682053047
"2177",6.44824153696957
"2178",8.17312208042079
"2179",9.60721657751734
"2180",6.37337792048863
"2181",11.2625242490517
"2182",7.33052080082735
"2183",7.10736203582956
"2184",10.2789514828617
"2185",9.33637880542076
"2186",11.1205482312513
"2187",10.2341382989708
"2188",10.7594957934125
"2189",11.2616148627274
"2190",8.11879862552859
"2191",10.2564646534415
"2192",9.89772071387024
"2193",9.32138238470809
"2194",8.09663018880731
"2195",10.818194381239
"2196",9.88620295301836
"2197",7.55519767292759
"2198",11.7770186959455
"2199",6.29650972014443
"2200",7.91487697644521
"2201",9.05513971919894
"2202",9.3856438038773
"2203",8.04478954778598
"2204",9.62664653415856
"2205",8.70552389588359
"2206",7.89033137744612
"2207",7.75316957705767
"2208",10.5213498547203
"2209",5.90250658203938
"2210",6.49581953072423
"2211",4.78725913605456
"2212",10.4206232569877
"2213",7.91730593687388
"2214",10.0413987214953
"2215",7.09985769718227
"2216",11.3470824363486
"2217",6.00855417433392
"2218",6.34574685070908
"2219",9.45579160690119
"2220",8.553473322584
"2221",7.3510809651509
"2222",8.16436117952789
"2223",9.25313934921621
"2224",10.8699304014919
"2225",10.0888847424993
"2226",7.95111686941342
"2227",10.8219221643614
"2228",10.1688037070236
"2229",13.9644602052214
"2230",6.8337806705344
"2231",7.10430177583729
"2232",8.59421735686685
"2233",7.72908548335242
"2234",5.02630672409899
"2235",7.77599987753555
"2236",10.0173110969811
"2237",5.88925525764732
"2238",10.1126202910577
"2239",2.73952166577505
"2240",9.79228024388321
"2241",7.09634878410951
"2242",10.3351368251164
"2243",12.2853180688498
"2244",8.00809785280285
"2245",6.91255879461517
"2246",6.64544176798033
"2247",6.67615390116308
"2248",10.6662167975817
"2249",7.44572102552613
"2250",10.9318760006471
"2251",8.66352548106865
"2252",6.75241427233169
"2253",10.0659412135547
"2254",7.08407914019938
"2255",5.84668432716343
"2256",4.97760005959065
"2257",11.7298137295072
"2258",8.80066701420275
"2259",3.81238389089971
"2260",4.18634440804668
"2261",9.48518925888798
"2262",9.19835807661313
"2263",8.50144353321792
"2264",9.67008536037328
"2265",4.84763649592686
"2266",10.1150331571212
"2267",10.0815196468464
"2268",6.77958002965912
"2269",9.31890750093885
"2270",7.73433205949085
"2271",7.43285741224525
"2272",10.2486458151094
"2273",9.05012635985213
"2274",8.44855432973145
"2275",8.01854064929452
"2276",6.09259044143683
"2277",8.46078935635764
"2278",7.47177611917967
"2279",11.4356960571713
"2280",8.20447212114463
"2281",7.20194583951835
"2282",5.18870937372523
"2283",9.23944055558924
"2284",8.14245394555689
"2285",10.5349083015251
"2286",9.79240425128053
"2287",6.99757967023012
"2288",8.78771074746744
"2289",7.20292837815611
"2290",10.0605116832177
"2291",11.1284285879475
"2292",11.6318017899008
"2293",9.50858317725092
"2294",7.43378831199698
"2295",9.92869161712966
"2296",9.08947499598275
"2297",8.73523065605838
"2298",9.34606992387064
"2299",14.8510030931455
"2300",11.1282936369719
"2301",8.65337900541562
"2302",5.7428919499693
"2303",9.98781358710511
"2304",11.6518908040124
"2305",7.19901514865955
"2306",8.01691467156103
"2307",11.6829740874068
"2308",9.20663596998179
"2309",8.31913233113264
"2310",9.67502029616958
"2311",6.29492888487677
"2312",10.9413261167337
"2313",6.42659510723357
"2314",7.27050077117088
"2315",10.0040939939392
"2316",6.75736532796726
"2317",7.13458829593924
"2318",8.29247870890142
"2319",9.1252763400962
"2320",6.97292160863799
"2321",7.73231456793218
"2322",8.26102786572628
"2323",8.30318376134855
"2324",8.42179631512719
"2325",12.419912041457
"2326",7.3501610861486
"2327",9.76195709465817
"2328",7.97634914882039
"2329",7.11718706937588
"2330",9.90578153168124
"2331",6.37592737795699
"2332",7.4693543672881
"2333",7.97918551651146
"2334",8.22087160291345
"2335",9.05760416495902
"2336",9.24195846174684
"2337",7.5391914466977
"2338",8.87372467391685
"2339",8.1640468872815
"2340",8.68454147943324
"2341",11.9232253652793
"2342",9.18774964521869
"2343",10.4140468343144
"2344",8.168615010781
"2345",6.52761401966726
"2346",9.76960604926097
"2347",7.87942490836841
"2348",8.11945593401745
"2349",7.50525654190492
"2350",8.67942010385685
"2351",8.49867737858925
"2352",6.66260901612515
"2353",3.72381075387059
"2354",9.37564678947226
"2355",8.25861515766508
"2356",9.56661499700474
"2357",11.0954897794424
"2358",8.48262929835149
"2359",8.56916482300121
"2360",8.79441577653547
"2361",10.3787768006075
"2362",11.917827356473
"2363",8.59823768133629
"2364",6.26836747527408
"2365",8.80867551294468
"2366",9.65793850952125
"2367",9.86634793573041
"2368",7.5887625927611
"2369",6.44417514128237
"2370",13.150695261085
"2371",11.8337013107941
"2372",12.433788950459
"2373",6.63586014905013
"2374",11.1807959703346
"2375",10.2912060209118
"2376",11.7441299940322
"2377",7.99080386499007
"2378",12.6887268335899
"2379",6.92361406964443
"2380",11.0784004520542
"2381",9.50397949658513
"2382",11.2242389106283
"2383",6.30282728254474
"2384",12.8728933669329
"2385",9.26330053622849
"2386",4.53130758729387
"2387",6.73385548172809
"2388",5.22123252678547
"2389",5.52403901847273
"2390",8.29598812128863
"2391",7.27392791696817
"2392",8.98042573991288
"2393",10.1526250600336
"2394",9.28089810961979
"2395",6.69802014344249
"2396",5.20321679393795
"2397",8.74897162974901
"2398",8.91874951904685
"2399",4.53553545167791
"2400",4.80641861100041
"2401",5.70681918963247
"2402",8.66937797455991
"2403",6.0772166510703
"2404",5.43294572215907
"2405",5.05479177986972
"2406",7.99636793699018
"2407",9.15172215296196
"2408",5.90086600968693
"2409",8.07131667696847
"2410",4.77149589786172
"2411",8.31051790446231
"2412",8.19557337617007
"2413",8.01217614183503
"2414",5.73878460296934
"2415",6.89271147267028
"2416",8.19348385397119
"2417",9.17736262624686
"2418",6.0883567654895
"2419",7.71141139290284
"2420",9.85737094393683
"2421",7.80892777857091
"2422",8.3406023123466
"2423",9.1098290406515
"2424",8.78821741140655
"2425",9.22508693653034
"2426",7.05713014155652
"2427",9.03069483120082
"2428",5.16337736671162
"2429",8.91131934460748
"2430",9.28662827856993
"2431",7.35860505042227
"2432",9.32179094211018
"2433",8.83015838195063
"2434",6.84799966643394
"2435",10.8636201163715
"2436",8.69790843336182
"2437",6.15126319148898
"2438",6.85752074803892
"2439",6.671964271248
"2440",9.705433778276
"2441",10.6286609090652
"2442",5.18556649004486
"2443",8.93509970181411
"2444",7.78099012200153
"2445",11.990305063036
"2446",9.59275121920433
"2447",7.76325017303109
"2448",6.48860624538938
"2449",7.09575603113992
"2450",7.75900525964848
"2451",6.44903585921614
"2452",8.76575600370576
"2453",6.66479093311823
"2454",8.58369788015304
"2455",10.4407276291741
"2456",5.99198003924953
"2457",7.34127529436175
"2458",7.90659851671202
"2459",8.29480226039718
"2460",5.09419757537304
"2461",9.44839936860383
"2462",8.96126127876187
"2463",10.0675957559482
"2464",5.49413963603992
"2465",4.16501292318472
"2466",11.7571335435767
"2467",9.08532957386466
"2468",7.18838784116209
"2469",6.57099449074676
"2470",7.26282782717831
"2471",10.8252536714686
"2472",7.84787348524963
"2473",8.84942384579272
"2474",5.9258133580689
"2475",4.64428385125926
"2476",9.10801201719952
"2477",8.14059173618044
"2478",7.81292983292514
"2479",10.1547985473705
"2480",8.71329040656855
"2481",7.24237162370997
"2482",6.98573299456029
"2483",9.0495963599793
"2484",5.86497394406601
"2485",4.65364674002432
"2486",10.1508994541885
"2487",5.68806320500815
"2488",6.45827889650832
"2489",8.9400582784715
"2490",7.10450380607573
"2491",9.69939767317085
"2492",8.02734915814022
"2493",7.45043918337698
"2494",6.20084180032069
"2495",11.1177821660823
"2496",7.69204785310556
"2497",8.45112613596624
"2498",6.88333002245431
"2499",8.14948659999239
"2500",7.97879391698317
"2501",7.08264452864226
"2502",4.61065703715824
"2503",8.01755295099044
"2504",7.03667288626761
"2505",10.5545112996102
"2506",5.52251608006778
"2507",9.26918552384477
"2508",7.60493981652392
"2509",9.69293149633689
"2510",7.07160823786095
"2511",9.69100940726049
"2512",9.39497095076619
"2513",10.5280964967662
"2514",6.75561754390133
"2515",7.1002288794541
"2516",9.36725849166042
"2517",8.18314797058148
"2518",6.7265752224122
"2519",9.29599460435349
"2520",10.2995917267905
"2521",8.09669110417548
"2522",6.27607580649605
"2523",9.44145335780349
"2524",8.2283562631316
"2525",8.02659401108662
"2526",6.32726038467758
"2527",8.26889798984061
"2528",5.55739814371375
"2529",5.75650932062767
"2530",10.0246312357237
"2531",9.7365466105787
"2532",6.30711465961426
"2533",5.75551495890645
"2534",7.5991495000632
"2535",11.2084360201173
"2536",6.83146042243234
"2537",9.48107014894419
"2538",11.7770543270114
"2539",7.53342679078291
"2540",7.02320239848717
"2541",9.48073075580045
"2542",8.70707070828811
"2543",7.58104791263132
"2544",6.34612849269037
"2545",6.02118315596498
"2546",9.39208704941845
"2547",8.0311913528321
"2548",5.42915382630943
"2549",4.92260487919989
"2550",8.27180459588596
"2551",7.14633978943825
"2552",8.10484575266826
"2553",10.1158683754928
"2554",6.96440930820395
"2555",8.88609470292283
"2556",11.474675273485
"2557",9.01655609188318
"2558",9.56667138215469
"2559",9.8446089702183
"2560",8.66949722814711
"2561",9.52854860930291
"2562",6.46807673756815
"2563",8.08153381087747
"2564",3.31979966852961
"2565",7.23103719578829
"2566",6.40765276482969
"2567",5.96380659800161
"2568",6.60865704320996
"2569",7.1256828142961
"2570",8.99555174973587
"2571",9.20719292946776
"2572",7.73794683209681
"2573",4.80982966655253
"2574",6.79452970024933
"2575",7.14082952663433
"2576",9.05846824465132
"2577",9.37032000686627
"2578",10.3902546899009
"2579",9.32848248361671
"2580",8.37182926965167
"2581",6.83837255184533
"2582",10.19057686191
"2583",6.58095040919454
"2584",8.07187135390441
"2585",6.45232734668254
"2586",10.2639212255863
"2587",7.93011007440059
"2588",6.72878192827936
"2589",8.12615357866811
"2590",8.5904399981284
"2591",6.96090023285788
"2592",6.38364204889476
"2593",6.99525582276295
"2594",9.05420168660176
"2595",8.243235087383
"2596",11.0961357744768
"2597",9.64666792724225
"2598",7.77835617959744
"2599",7.96068666883951
"2600",7.91819769309456
"2601",8.5912081213689
"2602",9.15894917176233
"2603",8.08802436643151
"2604",7.11429369422407
"2605",11.2796647857853
"2606",8.52494118667748
"2607",7.20997671357442
"2608",6.6201398833903
"2609",8.12723896392345
"2610",8.2373428826938
"2611",7.9442767422749
"2612",8.60163096861125
"2613",6.60327410669463
"2614",8.86783721535393
"2615",9.77724740346052
"2616",7.26210253918421
"2617",10.5294205900314
"2618",8.6202070124978
"2619",6.73149809230837
"2620",8.67080982876894
"2621",8.201889118204
"2622",8.22718734407658
"2623",9.74378850604365
"2624",8.7968566041158
"2625",8.64181212952653
"2626",10.662350643208
"2627",7.24787184778749
"2628",6.50215218476007
"2629",7.13119459637951
"2630",4.54282187976592
"2631",7.48013130394208
"2632",9.82190959927803
"2633",8.99335865711448
"2634",8.8202492979823
"2635",6.61018899172417
"2636",4.50586002374054
"2637",7.97521196020575
"2638",8.31960055639952
"2639",8.54244145556748
"2640",9.56751993355496
"2641",6.64758580807268
"2642",6.56039707383254
"2643",5.63719986174424
"2644",11.6678118607756
"2645",6.43004350008212
"2646",9.52421533315843
"2647",6.95830592012606
"2648",9.82835987700305
"2649",8.30657051160895
"2650",8.69248011118613
"2651",7.16590859383467
"2652",8.15300011557526
"2653",6.26862177565566
"2654",6.67984104089935
"2655",9.21680250090339
"2656",7.53163927131126
"2657",11.1954616506446
"2658",8.67882625713641
"2659",9.82211772066056
"2660",8.22874797179356
"2661",6.31610417883074
"2662",7.43794233608004
"2663",10.410910568535
"2664",11.1160256817586
"2665",8.10924029826788
"2666",10.072433197561
"2667",7.82537432206902
"2668",11.7892070904223
"2669",12.3562504813236
"2670",8.34597265710268
"2671",9.24118105338347
"2672",8.31458555747316
"2673",7.15596966669511
"2674",8.91320246340755
"2675",11.8368242913954
"2676",5.92327322617096
"2677",10.6143425273973
"2678",14.0052817827671
"2679",7.70763073407692
"2680",9.43365824765428
"2681",6.74376587997806
"2682",7.75833269509193
"2683",8.38403238008899
"2684",8.23206243777446
"2685",6.74261526875954
"2686",7.45158644685871
"2687",9.68887516848547
"2688",9.14581812524018
"2689",6.28348027678281
"2690",7.96277928860654
"2691",9.17735053098199
"2692",8.51466346989622
"2693",8.65596732332227
"2694",7.84337687461185
"2695",8.41344047661073
"2696",7.36169814035193
"2697",9.31874082970394
"2698",5.90474329142649
"2699",7.42406027980201
"2700",6.02412346849289
"2701",9.38890035429534
"2702",7.61209359535362
"2703",7.95999242159303
"2704",6.81792830156815
"2705",8.19422206789908
"2706",6.27602686460916
"2707",8.90759727799673
"2708",7.32028704174253
"2709",8.20520679492058
"2710",8.66265516147243
"2711",8.67926023287288
"2712",10.7289191335427
"2713",7.5286969159472
"2714",4.17356642984993
"2715",7.77572677951933
"2716",5.79446099241968
"2717",11.4976341565248
"2718",6.67122648626177
"2719",7.25558730178507
"2720",7.98820114589391
"2721",8.40729465227677
"2722",8.74845784243258
"2723",8.33313937733727
"2724",6.73467449899025
"2725",7.19842914675554
"2726",4.82198750446887
"2727",10.0032665279451
"2728",8.37677119239331
"2729",7.02244822019557
"2730",10.1319906673836
"2731",7.55030765819492
"2732",8.12091427562751
"2733",7.83501329425625
"2734",8.34977651952871
"2735",8.68019797013458
"2736",8.52244886092891
"2737",9.08527245098485
"2738",7.15788693512641
"2739",7.48490712703822
"2740",10.9987068593691
"2741",8.1555914248999
"2742",6.17040276641018
"2743",8.48392853208589
"2744",6.68317153945713
"2745",8.80205157544339
"2746",5.8622192229599
"2747",9.12689508207732
"2748",8.69856306912859
"2749",7.01683955487191
"2750",6.8427314485731
"2751",10.2427963653448
"2752",8.08515100565049
"2753",6.73044972430867
"2754",11.8357446759905
"2755",8.7520369748614
"2756",8.19064462157614
"2757",6.80294986469895
"2758",9.67046838924602
"2759",6.17026861893258
"2760",3.86107720508564
"2761",8.86070133754759
"2762",7.52813659069345
"2763",9.74903349680496
"2764",7.14054529869067
"2765",10.6084901105514
"2766",8.98049398602052
"2767",9.31913004641406
"2768",4.43747081954359
"2769",7.52087140645527
"2770",9.79166254192456
"2771",8.90159449364955
"2772",7.83412324261989
"2773",8.7140794027455
"2774",7.00332436546152
"2775",11.6480300758658
"2776",8.70933885538735
"2777",5.59863701628079
"2778",8.94442745129671
"2779",7.77013654271954
"2780",8.06122770727171
"2781",8.04719251824681
"2782",6.58635395771132
"2783",8.37745977181558
"2784",5.50650313129195
"2785",8.33730135006329
"2786",4.01484056613822
"2787",6.96587080140759
"2788",6.90845906873502
"2789",8.63665628333376
"2790",7.83760347164437
"2791",7.10554939148445
"2792",9.08396222986861
"2793",10.6851914006268
"2794",7.87785442863053
"2795",8.98056765543709
"2796",8.50155765527499
"2797",11.1196379731121
"2798",7.60780665133589
"2799",8.25862018808868
"2800",6.78463633763126
"2801",10.3053205866554
"2802",10.1306601940919
"2803",8.61145784853921
"2804",7.76031290312369
"2805",8.48733608623098
"2806",10.4744295607995
"2807",6.58726144340238
"2808",7.8710369576693
"2809",8.76891984950237
"2810",6.51830405367167
"2811",5.99394407227532
"2812",8.68618741909414
"2813",10.0625920598397
"2814",8.13814744794501
"2815",8.32844662925542
"2816",7.15881132479134
"2817",6.71126065111143
"2818",6.81821909780596
"2819",7.83575209520786
"2820",10.9807224675355
"2821",9.59152011815021
"2822",11.384415647372
"2823",6.45017460371225
"2824",8.28663361729385
"2825",10.1675003969599
"2826",4.85385360608917
"2827",8.31648119553874
"2828",7.19370079793273
"2829",9.06841921275343
"2830",11.2899694080616
"2831",5.2335377435504
"2832",7.21620264125181
"2833",6.57368560965483
"2834",9.730951730206
"2835",9.68979330916941
"2836",6.21776367788667
"2837",9.77535238098516
"2838",10.1920897270286
"2839",6.87727140110787
"2840",8.75105986119581
"2841",9.37059994361208
"2842",8.28470653252914
"2843",10.0101211493687
"2844",6.19024784126002
"2845",7.20852841603019
"2846",7.68613899621631
"2847",7.75119855774501
"2848",8.71887458192132
"2849",4.72645380091043
"2850",6.35016479733724
"2851",8.31386838959174
"2852",10.8357261382821
"2853",7.24178064498003
"2854",6.20945097759611
"2855",7.84655876035571
"2856",8.0260985516481
"2857",7.3567755000876
"2858",10.711834192614
"2859",5.64483203031835
"2860",2.72722590397286
"2861",6.94914389557886
"2862",10.0528311442723
"2863",10.0589144687383
"2864",6.55928867881642
"2865",10.1876995842173
"2866",8.92780117511108
"2867",3.71255957132619
"2868",8.3355169431931
"2869",7.80154704630912
"2870",10.2120385677905
"2871",8.57752285282957
"2872",7.41179646103943
"2873",11.3429897235294
"2874",11.0883535978778
"2875",8.82532112628395
"2876",7.64448259326161
"2877",8.16201488224157
"2878",9.16751820070937
"2879",10.0563777438396
"2880",8.86450791109141
"2881",9.35515193774144
"2882",6.1339158831366
"2883",10.1547195692436
"2884",9.48834326334927
"2885",8.93624243260654
"2886",10.2874336542518
"2887",9.74143418534944
"2888",7.59479750541802
"2889",9.94047846482357
"2890",9.92231026710337
"2891",6.62057920883294
"2892",9.50603211952433
"2893",5.21222304836891
"2894",7.6394425701079
"2895",7.88321111976697
"2896",8.49488736566017
"2897",7.67896881937364
"2898",6.13644839539103
"2899",9.0505068992958
"2900",7.73720699750111
"2901",8.63254439260702
"2902",8.66895853324498
"2903",8.04211049646904
"2904",8.92215162730411
"2905",7.75417432779396
"2906",9.39319963259757
"2907",6.85235759246779
"2908",7.63076583357589
"2909",7.70994405744198
"2910",5.61330910058513
"2911",7.55649487455146
"2912",7.90873287668614
"2913",4.94567624383279
"2914",9.14527512482284
"2915",9.59041774452357
"2916",8.72970082244891
"2917",8.77315511279734
"2918",7.88044500642295
"2919",10.9712917408678
"2920",9.18826384802207
"2921",8.38470701301693
"2922",10.1193782192067
"2923",9.40074366896653
"2924",8.75870221515318
"2925",10.5241710103099
"2926",7.5464869179933
"2927",9.01809165680775
"2928",9.31718313854086
"2929",7.90289952589029
"2930",8.71847056233661
"2931",5.68594508465498
"2932",7.61621531026746
"2933",3.48568470629324
"2934",7.14906547210633
"2935",9.77343323673101
"2936",8.37772559811759
"2937",9.01411759567186
"2938",7.53616749975974
"2939",8.09454312870368
"2940",4.85261326015016
"2941",8.37752444200452
"2942",11.3854561920056
"2943",9.91176945727583
"2944",9.77715487888844
"2945",6.25276090489586
"2946",11.1615934035481
"2947",7.30161880069957
"2948",6.63228786807503
"2949",9.33057398182175
"2950",11.1017543561459
"2951",4.04569532812326
"2952",9.16238109693544
"2953",8.02731664721157
"2954",10.8411302989661
"2955",3.94229040317764
"2956",7.70136400545701
"2957",8.13490900728287
"2958",5.9814179552784
"2959",7.42692349644242
"2960",6.63864299093021
"2961",7.70039421198554
"2962",7.41849083268369
"2963",10.1894415113664
"2964",8.57172962699183
"2965",10.7903899245538
"2966",5.2492269074534
"2967",7.89199125042166
"2968",7.77273692518253
"2969",10.6049979591639
"2970",10.8970184190979
"2971",8.50589950170676
"2972",7.45179406130808
"2973",9.00852456092659
"2974",8.16828024473378
"2975",7.44502109522936
"2976",6.9584920764251
"2977",8.22139578136722
"2978",7.8581640298872
"2979",10.8020504125404
"2980",8.83301436937255
"2981",9.81996544154403
"2982",6.50879828892863
"2983",7.93316957267845
"2984",8.15206594368302
"2985",9.89727309012185
"2986",6.25066311190701
"2987",5.26741505234771
"2988",10.9612196950248
"2989",8.79474780985262
"2990",6.99773876766072
"2991",8.99248574158029
"2992",9.7665561721995
"2993",8.03446378921661
"2994",6.21022748489896
"2995",9.15037659913463
"2996",8.46235860568439
"2997",9.62647139167541
"2998",9.50387139069117
"2999",6.0092219169594
"3000",7.70125889254638
"3001",11.1371716260839
"3002",13.2871811200304
"3003",11.315808035085
"3004",10.3306911704039
"3005",13.2975463385165
"3006",11.7657907818641
"3007",11.3578633575159
"3008",11.4217368499191
"3009",7.75289273091892
"3010",9.66525301077486
"3011",10.7602424462527
"3012",11.1500160083949
"3013",10.3547294123402
"3014",13.8362516433512
"3015",10.351739687068
"3016",9.5170497544383
"3017",10.0831384120454
"3018",12.5884717587454
"3019",11.1968550153988
"3020",10.1579159068386
"3021",9.92011918070667
"3022",12.5569204156581
"3023",7.17589735099052
"3024",12.5556821639184
"3025",13.3371975460254
"3026",10.6418560109847
"3027",12.1515154220729
"3028",11.298505648224
"3029",10.5770526176318
"3030",10.4276267961666
"3031",10.3374987708776
"3032",8.64182627853883
"3033",7.67249306284605
"3034",8.91625255714824
"3035",11.612189234956
"3036",10.317394718493
"3037",11.763373291493
"3038",11.4715078966849
"3039",7.76211900249963
"3040",9.09068598803658
"3041",11.3042211203684
"3042",11.3253594370248
"3043",12.395942932377
"3044",12.3438304354221
"3045",11.6190334299111
"3046",9.94544513593067
"3047",11.0179948606816
"3048",10.7318155340301
"3049",13.7319220257852
"3050",13.3056716427274
"3051",10.2027273217341
"3052",11.892952158409
"3053",8.947600086767
"3054",11.4089787526956
"3055",9.98043738685749
"3056",10.8960431737097
"3057",11.6128572677398
"3058",6.49034204070069
"3059",10.6331169451849
"3060",9.70167603682487
"3061",11.4152821778147
"3062",12.2643435591878
"3063",9.40238296939411
"3064",10.4473474179752
"3065",12.4937550143941
"3066",11.683305279836
"3067",13.1204114431788
"3068",10.2761264089814
"3069",6.52657495793725
"3070",8.51334849368517
"3071",11.7860128111681
"3072",12.3005462995527
"3073",11.6344153234738
"3074",9.61025474157619
"3075",10.9623601792331
"3076",11.5727786292449
"3077",12.7683946820898
"3078",10.0720451184376
"3079",8.96736918041162
"3080",7.96693452591892
"3081",11.9874747558702
"3082",9.7898312136323
"3083",8.49339063014355
"3084",9.64505937407554
"3085",11.7667780118464
"3086",9.91849358889847
"3087",12.2233526760676
"3088",9.44329175689672
"3089",9.66168390511469
"3090",10.9552647392549
"3091",10.0080216052908
"3092",8.06557109191362
"3093",10.5230184004811
"3094",10.7237333278793
"3095",11.1703810948825
"3096",8.00758109822931
"3097",13.0182441156168
"3098",8.82822443029874
"3099",7.92697410781202
"3100",11.636793675167
"3101",11.3762363531358
"3102",11.4025071224902
"3103",9.27482607394119
"3104",10.3937785229705
"3105",12.0924531773223
"3106",11.676259902594
"3107",10.6742668631856
"3108",10.6132592975368
"3109",10.5015440492503
"3110",13.7397718721798
"3111",10.442254323384
"3112",12.0007484854691
"3113",7.80782319635859
"3114",10.4353409322889
"3115",10.3972956033981
"3116",10.2131226567532
"3117",14.6455205339007
"3118",11.7433560841008
"3119",8.99831181539584
"3120",10.8375056320945
"3121",11.6473590970875
"3122",10.347722367838
"3123",9.1241513713023
"3124",8.79982419961461
"3125",12.16422661206
"3126",9.92516148038098
"3127",8.96447798288322
"3128",8.25040300189893
"3129",7.77645443019032
"3130",11.7896098245939
"3131",12.2831334538877
"3132",11.3715161810895
"3133",9.81629627323919
"3134",11.7751531964755
"3135",15.1769845602841
"3136",8.08850764064244
"3137",12.0156561170313
"3138",12.1025894599515
"3139",11.4735163579544
"3140",12.1010965190448
"3141",8.22904374272508
"3142",11.7330620334716
"3143",11.9087731482238
"3144",5.81216288964567
"3145",8.65014478593243
"3146",11.3716451661677
"3147",8.35361976390567
"3148",10.7360305942211
"3149",10.2058732988306
"3150",9.39270931111811
"3151",11.1371716260839
"3152",13.2871811200304
"3153",11.315808035085
"3154",10.3306911704039
"3155",13.2975463385165
"3156",11.7657907818641
"3157",11.3578633575159
"3158",11.4217368499191
"3159",7.75289273091892
"3160",9.66525301077486
"3161",10.7602424462527
"3162",11.1500160083949
"3163",10.3547294123402
"3164",13.8362516433512
"3165",10.351739687068
"3166",9.5170497544383
"3167",10.0831384120454
"3168",12.5884717587454
"3169",11.1968550153988
"3170",10.1579159068386
"3171",9.92011918070667
"3172",12.5569204156581
"3173",7.17589735099052
"3174",12.5556821639184
"3175",13.3371975460254
"3176",10.6418560109847
"3177",12.1515154220729
"3178",11.298505648224
"3179",10.5770526176318
"3180",10.4276267961666
"3181",11.4152821778147
"3182",12.2643435591878
"3183",9.40238296939411
"3184",10.4473474179752
"3185",12.4937550143941
"3186",11.683305279836
"3187",13.1204114431788
"3188",10.2761264089814
"3189",6.52657495793725
"3190",8.51334849368517
"3191",11.7860128111681
"3192",12.3005462995527
"3193",11.6344153234738
"3194",9.61025474157619
"3195",10.9623601792331
"3196",11.676259902594
"3197",10.6742668631856
"3198",10.6132592975368
"3199",10.5015440492503
"3200",13.7397718721798
"3201",10.442254323384
"3202",12.0007484854691
"3203",7.80782319635859
"3204",10.4353409322889
"3205",10.3972956033981
"3206",10.2131226567532
"3207",14.6455205339007
"3208",11.7433560841008
"3209",8.99831181539584
"3210",10.8375056320945
"3211",13.8362516433512
"3212",13.2975463385165
"3213",13.2871811200304
"3214",11.7657907818641
"3215",11.4217368499191
"3216",11.3578633575159
"3217",11.315808035085
"3218",11.1500160083949
"3219",11.1371716260839
"3220",10.7602424462527
"3221",10.3547294123402
"3222",10.351739687068
"3223",10.3306911704039
"3224",9.66525301077486
"3225",7.75289273091892
"3226",13.3371975460254
"3227",12.5884717587454
"3228",12.5569204156581
"3229",12.5556821639184
"3230",12.1515154220729
"3231",11.298505648224
"3232",11.1968550153988
"3233",10.6418560109847
"3234",10.5770526176318
"3235",10.4276267961666
"3236",10.1579159068386
"3237",10.0831384120454
"3238",9.92011918070667
"3239",9.5170497544383
"3240",7.17589735099052
"3241",13.1204114431788
"3242",12.4937550143941
"3243",12.3005462995527
"3244",12.2643435591878
"3245",11.7860128111681
"3246",11.683305279836
"3247",11.6344153234738
"3248",11.4152821778147
"3249",10.9623601792331
"3250",10.4473474179752
"3251",10.2761264089814
"3252",9.61025474157619
"3253",9.40238296939411
"3254",8.51334849368517
"3255",6.52657495793725
"3256",14.6455205339007
"3257",13.7397718721798
"3258",12.0007484854691
"3259",11.7433560841008
"3260",11.676259902594
"3261",10.8375056320945
"3262",10.6742668631856
"3263",10.6132592975368
"3264",10.5015440492503
"3265",10.442254323384
"3266",10.4353409322889
"3267",10.3972956033981
"3268",10.2131226567532
"3269",8.99831181539584
"3270",7.80782319635859
